query	title	neg_title
检测干眼	诊断干眼的非侵入性新检测技术及应用价值干眼;非侵入性;检测技术;诊断	自身免疫性干眼调节T细胞及细胞因子的表达干眼CD4+CD25+Treg细胞,Th17细胞,干燥综合征,细胞因子
中华文化认同  中华民族共同体意识	文化自信、文化认同与铸牢中华民族共同体意识文化自信,文化认同,社会主义核心价值观,中华民族共同体,爱国主义	"影响少数民族大学生""五个认同""的因素——铸牢中华民族共同体意识视角下的29所高校调查分析中华民族共同体意识,五个认同,少数民族大学生,影响因素"
医学影像技术	精准医学发展趋势:从定量成像到放射组学放射影像学,个体化医学,精准医学,定量成像,放射基因组学,放射组学	松果体区的薄层冠状断层解剖与MRI的对照研究松果体区,薄层断层解剖学,冷冻数控铣削技术,磁共振成像,人
电化学加工	电化学抛光技术新进展电化学,抛光,原理,进展	硫化铜、铅矿物浮选分离研究现状及发展趋势黄铜矿,方铅矿,浮选分离,浮选电化学,抑制剂,重铬酸盐,亚硫酸
基因进化树	梨树CDPK基因家族进化和表达分析梨树,CDPK基因,生物信息学,进化,干旱	枣树全基因组MITEs成分分析与系统进化研究MITEs,枣树基因组,系统进化,IMP分子标记技术
平台反垄断	互联网平台反垄断的本质与对策反垄断,互联网平台,数字治理,守门人,制度创新,媒体融合	数字平台反垄断的基本导向与体系创新数字经济;平台;反垄断;监管
城市趋同	中国沿海城市海洋经济密度时空变迁与趋同演化研究海洋经济密度,时空变迁,趋同演化,沿海城市	俱乐部趋同与中国区域经济发展——基于五大城市圈的实证研究城市圈,俱乐部趋同,投资结构,创新能力
下肢机器人	品管圈管理在脑卒中偏瘫患者下肢机器人康复训练中的应用品管圈,脑卒中,下肢机器人,康复	下肢机器人结合悬吊训练对痉挛型脑瘫儿童的疗效观察痉挛型脑性瘫痪,下肢机器人,悬吊治疗技术(SET),粗大运动功能,Berg平衡量表
乳化沥青稀浆封层	稀浆封层技术在高速公路路面下封层施工中的应用高速公路,路面下封层,稀浆封层	微表处技术在我国的研究应用与发展前景微表处,改性乳化沥青,稀浆封层,养护
软件可信	软件可信评估综述软件可信,可信属性,可信等级,可信证据,可信评估	基于结构分解的软件可信性变化传播模式研究软件可信性,构件可信性,可信性变化,传播模式,设计结构矩阵
平面广告中的字体	平面广告类型及其要素的表现浅析广告类型,图形,文字,色彩	微信公众号文章植入式广告推广特点及启示微信公众号,植入式广告,推广,平面广告,启示
标题：延迟满足	职业延迟满足研究述评职业延迟满足,即时满足,延迟满足	延迟满足情境中2岁儿童对行为的自我控制能力和延迟策略的使用延迟满足,2岁儿童,自我控制,延迟策略
昌黎皮影	我国表演类非物质文化遗产的传承与创新——以昌黎皮影戏为例非物质文化遗产,表演艺术,昌黎皮影戏,文化传播	昌黎民歌的唱腔特色研究昌黎民歌,润腔,声腔,衬腔,唱腔特色
医用钛表面改性	医用钛合金材料表面改性对骨整合影响的研究进展骨科生物材料;医用钛合金;表面改性;骨整合	去合金化制备纳米多孔金属材料研究进展纳米多孔金属;去合金化;电化学;表面改性
作者:旺庆	浅谈初中物理教学中提问的技巧和方法初中物理,课堂提问,意义,技巧	高等师范院校“人体组织学与解剖学”教学方法研究教学法,人体组织学与解剖学,教学效果
开发区颍南中学教师	"游戏——小学生作文的""桥""小学作文,游戏,""桥"""	"小学语文作文教学中生活化教学模式的应用策略研究小学语文,作文教学,生活化教学模式,小学作文
"
天使望故乡	《天使望故乡》中的家庭伦理托马斯·沃尔夫,《天使望故乡》,家庭伦理	《天使望故乡》中的家庭伦理托马斯·沃尔夫,《天使望故乡》,家庭伦理
(新华医院) 作者:董利军	浅谈新冠肺炎疫情防控中住院医师规范化培训的管理住院医师规范化培训,疫情防控	急诊胸痛标准化分诊的流程及管理急诊胸痛,标准化分诊,流程,管理
((农村公共服务) 关键词:基础建设 ) 关键词:医疗服务	简论公共服务均等化与新农村建设——以福建省为例福建,新农村建设,公共服务均等化,问题,对策建议	论中国农村医疗卫生服务体系建设存在的问题及对策基层社区,医疗卫生服务体系,问题与对策
特殊教育 音乐	浙江省特殊教育学校音乐教育存在的问题及对策特殊教育学校,音乐教育,问题,对策	基于“特殊性”:近代中国教会盲校音乐教育探蹟特殊教育,教会盲校,音乐教育
欺骗心理	心理特权与大学生网络欺骗行为:有调节的中介效应心理特权,自我损耗,内隐人格观,网络欺骗行为	儿童欺骗研究综述:发生、发展、测量及其与心理理论的关系儿童欺骗,错误信念,心理理论
术后下肢静脉血栓	思维导图健康教育对腰椎骨折内固定术后下肢深静脉血栓形成的预防效果分析思维导图健康教育;腰椎骨折内固定术;下肢深静脉血栓;预防效果	低相对分子质量肝素钙预防腹腔镜术后下肢静脉血栓形成的疗效观察低分子肝素钙;腹腔镜;下肢静脉血栓
援外培训	中国中医科学院西苑医院中医药援外培训效果评估及影响因素研究中医药培训,援外培训,培训评估,调查问卷	关于举办医疗援外培训的评价及体会医疗,援外培训,必要性,思考
子宫内膜异位/中药疗法	中药周期疗法对子宫内膜异位症腹腔镜手术后患者疗效及免疫功能的影响子宫内膜异位症,中药,周期,疗效,免疫	清心消癥汤联合GnRH-α对中重度子宫内膜异位症保守性手术治疗后的观察分析子宫内膜异位症,腹腔镜手术,GnRH-α,清心消癥汤
智能算法概述	经典人工智能算法综述人工智能算法,朴素贝叶斯,逻辑回归,深度学习,遗传算法	智能控制理论在导弹控制中的应用概述神经网络,遗传算法,模糊逻辑,智能控制
英文论文	医学英文论文写作五原则医学论文,英文写作,清楚,精练,准确,完整,前后一致	英文论文写作中如何正确使用连字符科技论文,写作,连字符,使用
题名:经济效益	基于CGE模型的东北亚能源互联网经济效益量化分析全球能源互联网;CGE;经济效益;东北亚	浅谈水利工程经济效益风险探索水利工程,经济效益,风险,探索
导尿管相关泌尿系统感染	骨科患者围术期导尿管留置现状及其相关因素分析骨科,导尿管,留置	经尿道2μm钬激光剜除术治疗大体积前列腺增生的有效性及安全性大体积前列腺增生;经尿道2 μm钬激光剜除术;有效性;安全性
作者单位:湖南长沙医科大学	临床重要耐药菌感染传播防控策略专家共识耐药菌,多重耐药菌,流行病学,耐药机制,感染防控,耐药监测,医院感染	复方柴金解郁片对抑郁症失眠大鼠脑内GABA受体表达的影响复方柴金解郁片,抑郁症失眠,海马,下丘脑,GABAA R,GABAB R
诱导抗性	利用HS-SPME-GC/MS法分析横坑切梢小蠹危害细叶云南松诱导抗性挥发物质细叶云南松;横坑切梢小蠹;挥发性化学物;顶空固相微萃取;气相色谱-质谱联用;判别分析	番茄早疫病病组织浸提液对番茄早疫病诱导抗性的研究番茄早疫病,病组织浸提液,诱导抗性
天津港航工程有限公司	建筑工程安全监督存在的问题及解决措施建筑施工,安全管理,管理方法,管理技术	重金属污染底泥土工管袋脱水与烧制陶粒应用重金属;底泥;土工管袋;脱水;陶粒
妇幼护理	妇幼保健院产科护理管理的应用研究妇幼保健院,护理管理,满意度	妇幼保健中的母乳喂养护理体会及效果应用研究妇幼保健,母乳喂养护理,应用效果
作物抗病品种的选育	优质抗病高产中熟中粳稻新品种中科盐5号的选育及栽培技术中熟中粳稻,中科盐5号,选育,栽培技术	玉米新品种正科育1号选育与栽培技术研究玉米,杂交种,正科育1号,栽培技术,选育
桂枝  不良反应	桂枝茯苓丸治疗子宫肌瘤的临床疗效研究子宫肌瘤,桂枝茯苓丸,临床疗效	桂枝茯苓胶囊联合米非司酮治疗子宫肌瘤患者的临床效果子宫肌瘤,桂枝茯苓胶囊,米非司酮,激素
浆母细胞淋巴瘤	浆母细胞淋巴瘤五例并文献复习浆母细胞淋巴瘤,临床特征,治疗	5例浆母细胞淋巴瘤临床病例分析和文献回顾浆母细胞淋巴瘤,化疗,预后,病理
腺病毒疫苗	新冠病毒疫苗研发策略与进展概述新冠病毒,疫苗,研发策略,进展	F基因型腮腺炎减毒活疫苗(人二倍体细胞)的质量稳定性分析F基因型腮腺炎减毒活疫苗,人二倍体细胞,细胞工厂,病毒滴度,质量稳定性
直接盖髓术	不同方式去龋应用于乳牙直接盖髓术中的对比研究直接盖髓术,激光,乳牙,iRootBP,治疗,依从性	36例直接盖髓术的疗效观察直接盖髓术,牙髓外露
半导体激光治疗仪	半导体激光辅助下盐酸米诺环素软膏治疗牙周牙髓联合病变疗效观察牙周牙髓联合病变,半导体激光,盐酸米诺环素软膏	半导体激光治疗仪在老年全膝关节置换术后患者康复护理中的应用效果全膝关节置换术,半导体激光治疗仪,康复护理,老年
输血相容性试验质控品	输血相容性检测试验室内质控品的制备与可行性分析输血相容性检测,室内质量控制,质控品,均一性,稳定性	回顾性分析我院输血相容性检查室内质控品临床应用评价输血相容性检查,室内质控品,重复性,稳定性
航空发动机离心式喷嘴	压力振荡对气液同轴离心式喷嘴自激振荡的影响压力振荡,气液同轴离心式喷嘴,自激振荡,雾化,Klystron效应	双油路离心喷嘴雾化特性的半经验预测方法双油路离心喷嘴,半经验预测方法,液膜破碎,索太尔平均直径,表面波不稳定性
耳廓畸形	先天性耳廓畸形的早期非手术治疗耳廓,先天畸形,矫治,无创技术	国产耳廓矫正器治疗小儿先天性耳廓畸形耳廓畸形,耳模矫正,无创矫正
压痕力学	纳米尺度下煤的力学性质及破坏机制研究岩石力学,纳米压痕,煤大分子,Weibull分布,分子动力学	基于多尺度力学实验的氢脆现象的最新研究进展氢脆;多尺度力学实验;纳米压痕;位错;金属材料
经营者集中豁免	经营者集中豁免的实体标准研究经营者集中;豁免;实体标准	告别需求可替代性的相关市场界定方法:经营计划书作为界定产品相关市场的方法相关市场,需求可替代性,供给可替代性,经营者计划书的方法
作者单位:威海市 音乐	趣味发声练习在小学歌唱教学中的应用策略探索小学歌唱教学,趣味发声,音乐节奏	音乐课,先调息学习习惯,课堂的效率,音乐素养
阿昔洛韦质量	阿昔洛韦微囊的制备及质量评价阿昔洛韦,复凝聚法,微囊,正交试验,长效缓释	溴夫定治疗带状疱疹的快速卫生技术评估溴夫定;有效性;安全性;带状疱疹;快速卫生技术评估
鼻咽癌 口干	中药含漱联合穴位贴敷对鼻咽癌放疗后口干症的影响研究鼻咽癌,口干症,中药含漱液,穴位贴敷,放疗,护理	鼻咽癌患者放疗后腮腺血流变化、唾液流速与口干症状的相关性研究鼻咽癌,多普勒超声影像,唾液流速,口干,放射疗法
俄罗斯文学史	重构20世纪俄罗斯文学史——评汪介之新著《俄罗斯现代文学史》俄罗斯文学,文学批评,文学史	"西方新编《俄罗斯文学史》出版文学史,俄罗斯文化,俄罗斯文学,""白银时代"",新编文学史,侨居国,马雅可夫斯基,西方文学,俄罗斯学,文学史教材"
隶属度评价	应用粗糙隶属度确定大坝效应量分量比例大坝安全监测,粗集理论,粗糙隶属度,效应量,分量比例	涝区涝灾程度的模糊综合评价——以辽宁省典型涝区为例模糊数学,隶属度,权重,涝灾程度评价,辽宁省典型涝区
作者单位: 海北州第二高级中学	基于学科核心素养的高中思想政治学科活动课堂构建核心素养,高中,思想政治,课堂构建	"对""罗森塔尔效应""的认识与实践期望效应,期望特性,认识实践"
幼儿良好饮食习惯	幼儿良好饮食习惯的培养良好饮食习惯,进餐环境,进餐习惯,固定饮食,家园共育	试论如何培育幼儿良好饮食习惯幼儿,良好饮食习惯
文化品格	英语学科核心素养培养的实现途径基础教育,英语教学,学科核心素养,实现途径	英语学科教学与思维品质培养英语教学,思维品质,语言能力,文化品格,学习能力
心力衰竭 中医	中医药在慢性心力衰竭治疗中的应用及评价中医药,慢性心力衰竭,评价	慢性心力衰竭中医证候规律的临床流行病学调查研究慢性心力衰竭,中医证候,临床流行病学
题名:浅谈高校图书馆阅读推广	浅谈高校图书馆阅读推广高校,图书馆,阅读推广	浅谈高校图书馆阅读推广中馆员的作用高校图书馆;阅读推广;馆员作用
脂肪间充质干细胞	脂肪间充质干细胞的基本生物学特性及向成骨细胞诱导分化的实验研究脂肪,干细胞,生物学,分化	间充质干细胞的研究进展间充质干细胞,组织工程,分化
心脑血管病	中风心脑血管病与微观证治学高血压病,心脑血管病,风中五脏,降压熄风,调脂祛痰,活血化瘀	维持性血液透析患者并发心脑血管病的危险因素 及对患者近期预后的影响维持性血液透析,心脑血管病,预后,危险因素,血尿酸
新型公交系统	基于无线射频的新型公交报站系统设计无线射频识别,电子标签,自动报站	基于精英选择遗传算法的需求响应公交规划需求响应公交,站点选址,路径规划,精英选择遗传算法
台州中职教师	以学生为中心的教学理念在建筑工程计量与计价课程中的应用与实践线上教学,案例教学,任务型教学	"""工匠精神""视角下新教师""四位一体""的培养路径探析""工匠精神"",新教师,四位一体,培养路径"
安全责任	对监理安全责任现状与发展的思考监理;安全责任;现状与发展;思考	食品安全责任保险中的行政指导研究食品安全,保险,食品安全责任保险,行政指导
类风湿关节炎和雌激素	雌激素受体基因多态性与女性类风湿关节炎的关系关节炎,类风湿,受体,雌激素,多态性,单核苷酸	雌激素对胶原诱导关节炎动物模型发病过程的作用类风湿关节炎,胶原诱导关节炎,雌激素,肽基精氨酸脱亚胺基酶4,大鼠,Lweis
商业银行房地产企业贷款风险管理	商业银行房地产信贷风险度量方法比较商业银行;信用贷款;风险度量模型	商业银行风险集中度与资产管理研究 ——基于住房市场与价格波动的视角商业银行,房地产价格波动,风险
“工程伦理”	工程伦理学的现状和展望职业伦理,实践伦理,工程伦理,职业化,职业信任,职业诚信	借鉴国外经验,开展工程伦理教育工程伦理,职业道德,教育
测温系统	无人机多通道实时测温系统设计机载;实时测温系统;多通道;PT1000;CAN总线	基于分布式光纤拉曼测温系统的核电一回路泄漏点监测技术分布式光纤拉曼测温系统,定位,泄漏,精度,监测
成本控制	浅谈国有企业成本控制国有企业,成本控制,途径	基于层次分析法的公寓式住宅成本控制高层公寓式住宅,设计阶段,层次分析法,成本控制,设计方案,方案对比,成本分析,评价方法
建筑物轮廓	基于数学形态学的建筑物轮廓信息提取建筑物轮廓,数学形态学,MHN滤波,DMP算法	基于数学形态学的建筑物轮廓信息提取建筑物轮廓,数学形态学,MHN滤波,DMP算法
风能预测	基于降噪时序深度学习网络的风电功率短期预测方法风能,功率预测,奇异谱分析,长短时记忆网络	考虑风速时空相关特性的元启发式支配预测模型风速预测,时空相关性,卷积神经网络,支持向量回归
种植体边缘骨吸收	软组织水平种植体不同愈合方式对早期边缘骨吸收影响的回顾性研究软组织水平种植体;边缘骨吸收;埋入式愈合;非埋入式愈合	平台转移种植体和传统基台连接种植体边缘骨吸收比较Ankylos平台转移种植系统,Nobel Replace传统基台连接种植体系统,边缘骨吸收
简析市政工程施工管理中环保型施工措施的应用	简析市政工程施工管理中环保型施工措施的应用市政工程,施工管理,环保型施工	简析市政工程施工管理中环保型施工措施的应用市政工程,施工管理,环保
作者:安玉红	在实验教学中提升高中生的化学素养化学,高中,实验教学,素养	血管回声跟踪技术评价Graves病患者颈动脉血管弹性的临床研究格雷夫斯病,颈动脉,超声检查,多普勒,彩色
技术手册	《火电厂污染防治技术手册》简介污染防治技术,技术手册,火电厂,成果推广应用,研究成果,火电机组,技术指南	制作交互式电子技术手册标准化要求电子技术手册,制作,标准化
教育焦虑	国内教育焦虑研究述评教育焦虑,学习焦虑,教师焦虑,教育心理学,研究述评	中小学家长教育焦虑调查研究中小学家长,教育焦虑,构成要素,现状
经皮椎弓根螺钉	微创经皮椎弓根螺钉内固定治疗胸腰椎骨折的初步探讨骨折固定术,内,胸椎,腰椎	经皮微创椎弓根螺钉内固定与开放手术治疗胸腰椎骨折：Cobb’s角与椎体前缘高度恢复的比较植入物,脊柱植入物,微创,经皮,内固定,开放手术,胸腰椎骨折,肌酸激酶,C-反应蛋白,Cobb’s角,椎体前缘高度
抗titin	重症肌无力患者血清学标志物检测及临床意义重症肌无力,受体,胆碱能,抗体,酶联免疫吸附测定	多重抗神经元抗体阳性的神经系统副肿瘤综合征临床分析神经系统副肿瘤综合征,抗神经元抗体,边缘性脑炎,周围神经病
python教学	案例驱动教学法在Python教学中的应用Python程序设计,案例驱动,学生主体,计算思维	Python教学探索Python,教学探索
超声 AND 乳腺肿瘤	乳腺良恶性肿瘤诊断中彩色多普勒超声的临床效果彩色多普勒超声,乳腺良恶性肿瘤,诊断调研	超声引导下经皮穿刺活检术在诊断乳腺肿瘤中的应用价值超声引导下经皮穿刺活检术,乳腺肿瘤,良性肿瘤,恶性肿瘤,影像特征
NMDA受体脑炎	抗NMDA受体脑炎边缘叶脑炎,抗N-甲基-M-天冬氨酸受体抗体,年轻女性,畸胎瘤	1例抗NMDA受体脑炎患者的护理抗NMDA受体脑炎,癫痫,护理
航空运力	区域航空旅客运输市场运力均衡性规划研究区域航空,客运运力,供需均衡	我国区域航空市场客运运力供需均衡研究民航运输,区域航空,客运运力,供需均衡
盐分 玉米  郭	含碳物料改良苏打盐化土的效果研究苏打盐化土,合碳物料,改良,风化煤,牛粪,生物炭,秸秆	化肥有机肥配施对盐渍化土壤氨挥发及玉米产量的影响盐渍化土壤,有机无机肥配施,氨挥发
胃间质瘤CT危险分级	胃间质瘤CT鉴别诊断及危险度分级研究进展胃间质瘤;体层摄影术,X线计算机;鉴别诊断;危险度分级	增强CT扫描纹理分析技术在胃肠道间质瘤患者术前病理危险度分级诊断中的应用研究增强电子计算机断层扫描;胃肠道间质瘤;危险度分级;纹理分析
智能温度测控	基于单片机的智能温度测控系统的设计单片机,温度测控系统,DS18B20	智能温度测控仪高精度接口电路设计温度测控仪,接口电路,高精度
手术室危化品	精细化管理在手术室危化品管理中的应用精细化管理,手术室,危化品	精细化管理在手术室危化品管理中的应用精细化管理,手术室,危化品
导热胶黏剂发展	导热胶黏剂的研究进展及其在LED封装的应用导热胶黏剂,导热填料,LED封装	"高导热胶黏剂的应用研究高导热胶黏剂;填料;纳米银;导热性
"
压电传感器 变形	智能结构中热压电致动器和传感器的优化配置智能结构,热压电耦合效应,有限元分析法,致动器/传感器配置 优化	含压电传感器和驱动器的复合材料中厚板有限元分析有限元,复合材料,中厚板,压电,驱动器,传感器
工业设计	工业设计决策问题研究工业设计,设计评价,设计决策,问题研究	压缩感知理论及其研究进展信息采样,压缩感知,稀疏表示,观测矩阵
PSA监测	PSA在监测前列腺癌治疗中的进展前列腺肿瘤,前列腺特异抗原	D WI对前列腺癌疗效监测及ADC值与PSA相关性研究前列腺肿瘤,磁共振成像,扩散加权成像,前列腺特异性抗原
刘艳娟 保定市第三中心医院	不同术式全子宫切除术后护理疗效研究腹腔镜辅助下阴式全子宫切除术,开腹全子宫切除术,恢复效果	不同时机产后生物反馈电刺激对盆底功能障碍的防治作用不同时机;盆底功能障碍;生物反馈联合电刺激;压力性尿失禁;盆底肌力;脏器脱垂
网格化治理	城市社会管理网格化模式的定位及其未来城市社会管理,网格化管理模式,社区自治	城市流动摊贩管理:治理模式的转型与实现条件流动摊贩,治理模式,公众参与,转型
冷链物流追溯系统	基于物联网技术的冷链温控溯源平台开发食品冷链物流;温控溯源平台;物联网技术	"""陕冷链""筑起陕西疫情防控的""防火墙""冷链物流;食品安全;疫情防控;追溯系统"
莎士比亚喜剧	莎士比亚与世界文学:历史意义与现代阐释——王忠祥教授访谈录莎士比亚,历史意义,现代阐释,中国莎学,伦理乌托邦	莎士比亚喜剧的跨文化演绎——京剧《温莎的风流娘儿们》与“福氏喜剧”精神莎士比亚,京剧,温莎的风流娘儿们,福氏喜剧
"(气凝胶) 关键词:""石墨烯气凝胶"""	石墨烯气凝胶的研究进展氧化石墨,石墨烯气凝胶,水热法,碳材料	整体式三氧化钨/氧化石墨烯气凝胶增强可见光光催化氧化NO性能三氧化钨/氧化石墨烯气凝胶,光催化剂,NO氧化,选择性
预测定价	期权定价中的分步式预测模型金融工程,期权定价,金融预测,神经网络,遗传算法	组合预测模型在股指期货定价上的运用对数灰色关联度,隐含除息无风险利率,IGOWLA算子,股指期货定价
设计思维	教育领域设计思维评价:模型、工具与方法设计思维;评价;理论探讨;工具开发;评价模型;教学创新	景观环境的可供性设计思维探究可供性;设计思维;景观设计
ICU日记	国外ICU日记应用的研究进展ICU日记,应用,效果,障碍,现状,综述	半结构化命题反思日记在儿童ICU本科实习护生中应用的质性研究反思日记,半结构命题,实习护生,质性分析,儿童,重症监护病房,教学方法
HPV与宫颈癌	高危型人乳头瘤病毒感染与宫颈癌前病变及宫颈癌的相关性研究高危型人乳头瘤病毒,宫颈癌前病变,宫颈癌	保妇康栓治疗高危型HPV感染的临床研究进展保妇康栓,高危型HPV感染,研究进展
微波阿司匹林	微波技术应用于阿司匹林的药物合成微波技术,阿司匹林,应用,药物合成	微波法合成阿司匹林微波辐射,阿司匹林,催化,有机合成
室性期前收缩 中医	益气泻肺利水方治疗慢性心力衰竭合并室性期前收缩的临床观察益气泻肺利水方,慢性心力衰竭,室性期前收缩,阳虚水泛证	复律养心汤联合心律平治疗儿童频发室性期前收缩热邪扰心证的疗效观察儿童频发室早,热邪扰心证,复律养心汤,室性期前收缩,中医药治疗,心律平
作者:周寰	高校图书馆学科服务个性化需求定制创新模式服务策略研究高校图书馆,个性化需求,学科服务,创新模式	研究特高压输电线路施工技术高压供电,输电线路,施工
优化运行	计及多能需求的综合能源服务商优化运行策略研究分布式发电,多能需求,综合能源服务商,优化运行	给水管网水泵的优化运行给水管网,水泵,优化运行,遗传模拟退火算法
儿童炎症性肠病(IBD)机制	肠内营养对儿童炎症性肠病作用机制研究进展炎症性肠病,肠内营养,儿童,机制	炎症性肠病的常见心理问题及诊治进展炎症性肠病,心理问题,脑-肠轴,双向影响,心理评估,心理治疗
功率前馈控制	基于自抗扰和负载功率前馈的高速磁悬浮系统PWM整流器控制策略高速磁悬浮列车,PWM,整流器,换步,负载功率前馈,自抗扰控制	功率前馈的准Z源光伏并网逆变器Quasi-PR控制光伏并网,准Z源逆变器,功率前馈,准比例谐振,直通分段空间矢量脉宽调制
医学伦理评价	医师人格特征对伦理困境下医疗决策的影响研究人格特征,伦理困境,医疗决策	3D打印模型辅助与骨科机器人在脊柱畸形矫形过程中的精准置钉脊柱畸形;骨科机器人;3D打印技术;置钉准确率
题名:加缪鼠疫	加缪《鼠疫》中的悲剧意识悲剧意识,<鼠疫>,加缪	"加缪的""反抗""与升华 ——从《局外人》到《鼠疫》加缪,反抗,升华,《局外人》,《鼠疫》"
交通事故	道路交通事故的成因分析及预防研究道路交通事故,事故成因,预防措施	论无人驾驶汽车交通肇事的刑法规制无人驾驶汽车,人工智能,交通肇事,犯罪主体,刑事责任
员工培训	如何提高基层员工培训质量基层;企业员工;培训质量	组织职业生涯管理与工作卷入关系的研究组织职业生涯管理,工作卷入
(作者:Jie Zhang) 关键词:ga2o3	β-Ga2O3:Dy3+ 纳米棒束的制备和光致发光性质水热法,纳米棒束,镝离子,β-Ga2O3,稀土	"β-Ga2O3:Dy3+ 纳米棒束的制备和光致发光性质水热法,纳米棒束,镝离子,β-Ga2O3,稀土
"
胃食管反流病与肠道菌群	胃食管反流病与肠道菌群关系研究进展关键词GERD,肠道菌群,综述,胃肠道疾病	胃食管反流病与消化道微生态关系的研究进展胃食管反流病,食管微生态,肠道微生态,相关性,精神心理
特应性皮炎中医	中西医结合治疗特应性皮炎的Meta分析特应性皮炎,中西医结合,随机对照试验,Meta分析	特应性皮炎的中医辨证与治疗特应性皮炎,中医辨证,治疗
楼宇党建	"社区楼宇党建工作:探索·问题·对策楚雄市,社区党建,楼宇党建,""两新""组织,""网格化""管理"	新时代上海市如何创新升级楼宇党建新机制新时代,楼宇党建,企业管理,基层党建
新农保 缴费	金融知识与新农保参与行为金融知识,金融教育,新农保参与,普惠金融	农民分化与新型农村社会养老保险制度减贫作用评价——基于5省10县1253个样本的实证分析新农保,农民分化,精准扶贫,制度评价
食管癌术后管道固定	食管癌术后胃管及十二指肠营养管不同固定方法效果比较食管癌术后,胃管十二指肠营养管,固定	食管、贲门癌术后胃管、十二指肠营养管脱落原因分析及护理食管癌,胃管,十二指肠营养管,脱落,护理
作者:顾晓冬	胃癌微创手术的现状与展望胃肿瘤,腹腔镜外科手术,综述文献	化学合成siRNA阻断小鼠骨髓源性不成熟树突状细胞GAPDH基因的表达siRNA,树突状细胞,GAPDH,RNA干扰
细节护理在终末期肾病血液透析患者护理中的应用效果观察	终末期糖尿病肾病血液透析在细节管理护理中的应用疗效分析终末期糖尿病肾病血液透析,细节管理护理,应用疗效	细节护理在终末期糖尿病肾病血液透析护理中的应用细节护理,终末期糖尿病肾病,血液透析,护理效果
发热性非溶血性输血反应	发热性非溶血性输血反应的危险因素分析与预防控制发热性非溶血性输血反应,危险因素,预防	输注白细胞滤过的血小板预防发热性非溶血性输血反应的Meta分析白细胞滤过,血小板输注,发热性非溶血性输血反应,随机对照试验,Meta-分析
题名: 小儿推拿  meta分析	针灸推拿联合功能性训练治疗小儿脑瘫运动障碍的Meta分析小儿脑瘫;针灸推拿;运动障碍;Meta分析	推拿治疗小儿便秘临床疗效的Meta分析推拿,小儿便秘,小儿推拿,便秘,Meta分析
基于分子动力学的沥青	基于分子动力学两集料间沥青的拉伸黏附机理沥青-集料界面;拉伸作用;黏附机理;内聚力模型;分子动力学模拟	"基于自由体积理论的沥青分子模型黏度预测分子动力学,沥青,动态黏度,自由体积,径向分布函数
"
克罗恩病活动指数(CDAI)	不同炎症指标对克罗恩病临床应用价值比较克罗恩病;C反应蛋白;血清淀粉蛋白A;降钙素原	双能量CT对肠系膜脂肪在克罗恩病活动性评估的价值研究Crohn病,肠系膜,脂肪组织,吸收测定法,光子,体层摄影术,X线计算机
((流感) 关键词:疫苗 ) 关键词:通用	多价流感疫苗及通用型流感疫苗的研究进展多价流感疫苗;通用流感疫苗;血凝素	"基于流感病毒血凝素的通用疫苗研究进展甲型流感病毒;血凝素;通用疫苗
"
计算机辅助导航系统	计算机辅助导航系统引导下的椎弓根螺钉置入术计算机辅助导航系统,椎弓根螺钉	计算机辅助导航系统在骨科手术中的临床应用计算机辅助手术,导航系统,骨外科学
生活性服务业	老年人的社会支持系统与需求满足社会支持,老年人,需求,社会服务	“云消费”时代提升生活性服务业品质的思路云消费,生活性服务业,云服务
虚开发票	虚开增值税专用发票犯罪案件的侦查虚开增值税专用发票犯罪,侦查,犯罪嫌疑人	论虚开增值税专用发票案件的协查虚开增值税专用发票,协查,侦查
地缘政治风险	国际地缘政治风险对中国投资者信心的影响国际地缘政治风险;投资者信心;宏观经济波动	冷战后美国延伸威慑战略模式探析——基于地缘政治的视角延伸威慑,危机稳定性,军事同盟
星载激光雷达	星载大气探测激光雷达技术与应用激光雷达,大气探测,星载	采用半解析蒙特卡洛技术模拟星载海洋激光雷达回波信号的软件半解析蒙特卡洛模型;星载海洋激光雷达;激光雷达回波信号
循环经济 快递包装	循环经济下高校快递包装绿色回收研究校园快递,包装回收,循环经济,可持续发展	循环经济视角下快递包装回收法律问题探讨循环经济,快递包装,法律问题
营养  切口	封闭式负压引流技术联合造口袋在腹部切口感染病人中的应用封闭式负压引流,回肠造口,腹部切口感染	腹腔镜技术用于治疗泌尿系统肿瘤的临床分析腹腔镜技术,泌尿系肿瘤,住院时间,治疗效果
城市生活垃圾分选	浅述智能化技术在城市生活垃圾收运处置过程中的应用智能分选技术;近红外;激光;X射线;识别技术;金属感应;垃圾处理	沈阳市垃圾场陈腐垃圾理化性质研究城市存量垃圾,筛分,分选,理化性质
绿茶发展	青岛市红绿茶加工现状及高质量发展对策红绿茶加工;现状;高质量发展;对策	"""一带一路""背景下陕西茶叶跨境电商发展路径研究一带一路,茶叶,跨境电商,发展路径"
重载压力机	高速重载压力机传动系统参数设计高速,压力机,传动系统,参数设计	"永磁同步电机重载驱动的曲柄伺服压力机动力系统参数曲柄压力机,动力系统,永磁同步电机,电容组,解析表达式,伺服压力机
"
循证设计	基于循证设计的科技服务业行业分类——以西安市为例循证设计,政策设计,科技服务,行业分类	基于循证设计的康复环境景观设计要素康复环境,循证设计,景观要素,医疗环境
胃食管反流病2020	2020年中国胃食管反流病专家共识胃食管反流,症状,诊断,药物治疗	唾液胃蛋白酶检测对胃食管反流病诊断价值的Meta分析胃食管反流病,唾液,胃蛋白酶,诊断,Meta分析
小学英语教学	初探小学英语教学中的故事教学小学英语,故事教学,教学策略,探讨	陶行知生活教育理论对当今中小学英语教学的启示陶行知,生活教育理论,中小学,英语教学
企业内部管理沟通	企业内部管理的现状及对策研究内部管理,因为因素,对策分析	企业预算管理问题与对策研究企业,预算管理,预算编制
沙美特罗替卡松 孟鲁司特 支气管哮喘	吸入性沙美特罗替卡松联合孟鲁司特钠治疗儿童支气管哮喘的临床分析支气管哮喘,儿童,吸入性沙美特罗替卡松,孟鲁司特钠	孟鲁司特钠联合沙美特罗氟替卡松治疗支气管哮喘患者的疗效观察沙美特罗氟替卡松,孟鲁司特钠,支气管哮喘,肺功能
高速列车会车压力波	中国列车空气动力学研究进展车辆工程,空气动力学,研究进展,数值计算,风洞试验,动模型试验,在线实车试验,高速列车,提速列车,行车安全,隧道-列车耦合空气动力学	列车交会压力波三维数值的计算列车交会压力波,三维数值计算,分区计算,网格生成
动画哲学	浅析动画《钢之炼金术师FA》中的哲学内涵日本动画,二维动画,《钢之炼金术师FA》,哲学思想	试论动画电影《你的名字》透露的哲学意识流性哲学,绳结,意识流
因子分析	基线对傅里叶变换红外光谱的目标因子分析结果的影响研究目标因子分析,主因子数,基线校正,小波变换	结合平行因子分析算法和模式识别方法的三维荧光光谱技术用于石油类污染物的检测光谱学,石油类污染物,三维荧光光谱,平行因子分析,模式识别
中国农场运营模式	家庭农场开展电子商务的思考家庭农场,电子商务,互联网技术,电商品牌	国外农业组织化模式比较分析及对中国的启示农业组织化,模式比较,决定性因素
作者:秦永	甲状软骨成形声带内移术治疗单侧声带运动不良的初步探讨甲状软骨成形声带内移术,声带运动不良,声带麻痹,嗓音	巢蛋白和性别决定基因高迁移率组蛋白在快速老化小鼠最后区的表达最后区,巢蛋白,性别决定基因高迁移率组蛋白,神经生发,快速老化小鼠
低增生骨髓增生异常综合征	55例初诊再生障碍性贫血患者临床特征分析再生障碍性贫血,血细胞形态,免疫表型,细胞分子遗传学	血清SF、LDH、维生素B12水平及骨髓细胞形态学对骨髓增生异常综合征和巨幼细胞性贫血的鉴别诊断骨髓增生异常综合征;巨幼细胞性贫血;铁蛋白;乳酸脱氢酶;维生素B12;骨髓细胞形态学表现
农业水价改革现状	桃曲坡灌区农业水价改革现状及实施经验探讨农业水价改革,实施经验,存在问题,措施,桃曲坡灌区	民勤县农业水价综合改革现状分析及思考农业水价,改革,节水,民勤县
作者单位:县中医院	新型冠状病毒肺炎疫情期间血液透析患者的分诊流程及管理实践新型冠状病毒肺炎,血液透析,预检分诊,筛查,健康宣教,隔离	产程活跃期入量和时限管理对初产妇产程进展和分娩结局的影响初产妇;活跃期入量管理;时限管理;产程进展;分娩结局
深度调峰	深度调峰下燃煤机组运行方式对能耗的影响深度调峰,均等低负荷,启停两班制,临界时间,经济性	基于热网及建筑物蓄热特性的大型供热机组深度调峰能力研究大型供热机组,热网及建筑物,供热模式,蓄热特性,电网调峰,深度调峰能力
关键词:硫酸铵分级沉淀	甘薯几丁质酶的分离与纯化甘薯,黑斑病,几丁质酶,分离,纯化	韭菜β-木糖苷酶的分离纯化与部分性质研究韭菜,β-木糖苷酶,分离纯化,酶学性质
张店区 信息技术	任务驱动模式下的信息技术教学任务驱动教学模式;小学信息技术教学;创新实践培养	微课在小学语文教学中的优势及对教改的影响微课
风机建模	模型-数据混合驱动的直驱风机VSC等效建模方法直驱风机,VSC,混合驱动,时间卷积网络,深度学习,等效建模	弱电网下双馈风机多机系统直流电压控制时间尺度的建模与稳定性分析弱电网;直流电压控制时间尺度;特征值分析;双馈风机;锁相环
宗族文化	宗族文化与企业并购收益宗族文化,社会资本,地域文化,企业并购收益	乡村宗族文化兴起的社会学分析宗族文化,复兴,消解,社会效应
营销策划书	基于职业能力的高职计算机课程改革实践计算机应用,职业能力,高职,课程改革	营销策划模块化教学课程设计初探高职教育,营销策划,模块化教学,课程设计
锂离子电容器	活性炭掺杂对钛酸锂型锂离子电容器性能的影响锂离子电容器;钛酸锂;比功率;比能量	铌基氧化物锂离子电容器负极材料研究进展铌基氧化物,锂离子电容器,负极材料
聚氨酯DMF	丙酮/DMF二元溶剂体系聚氨酯湿法膜的结构与性能聚氨酯,丙酮,多孔结构,透湿性能,湿法膜	聚氨酯/氮化硼包覆改性玻璃纤维透湿导热膜的制备与性能研究聚氨酯膜,聚多巴胺,玻璃纤维,包覆改性,六方氮化硼
易损斑块 于波	冠状动脉粥样硬化易损斑块的腔内影像学进展冠心病,体层摄影术,光学相干,斑块,动脉粥样硬化	高睿综述,于波审校冠心病,颈动脉,动脉粥样硬化,超声
热板痛阈值	电针敏化穴位激活迷走神经运动背核胆碱能神经元改善大鼠结肠炎性损伤结肠炎,敏化穴位,迷走神经运动背核,ChAT+神经元,抗炎	重楼皂苷Ⅶ、H及总皂苷镇痛抗炎作用研究重楼皂苷Ⅶ;重楼皂苷H;镇痛;抗炎
乳腺甲状腺	乳腺癌合并甲状腺癌致病因素的研究进展甲状腺癌;乳腺癌;双原发肿瘤;钠-碘同向转运体	理气化痰散结方联合小金胶囊治疗甲状腺结节合并乳腺增生症的临床观察甲状腺结节,乳腺增生症,理气化痰散结方,小金胶囊
高素质农民培育现状	如东县高素质新型职业农民培育现状及对策高素质新型职业农民,培育,现状,问题,对策,江苏如东	新型职业农民培育现状与对策研究——基于农村人口老龄化的背景农村人口老龄化,新型职业农民,培育
作者:曲雅静	浅析俄罗斯传统婚礼仪式习俗文化多民族,民族文化,结婚传统	蛇在中俄文化中的语义对比分析蛇,中俄文化,语义对比
((中日成语) 题名:成语 ) 题名:日	中日同形异义四字成语使用情况调查四字成语,语料库,中日对照,同形异义词	中日同源成语出处类型历时分析语料库,同源成语,历时变化
环境规制 电力消费	环境规制与工业绿色增长效率——基于空间计量模型的实证工业绿色增长效率,空间计量模型,环境规制,影响因素	"环境规制与工业绿色增长效率——基于空间计量模型的实证工业绿色增长效率,空间计量模型,环境规制,影响因素
"
胶质瘤综述	肿瘤治疗电场在胶质母细胞瘤治疗中的研究进展肿瘤治疗电场,胶质母细胞瘤,肿瘤治疗,TTFields	2-羟基戊二酸在异柠檬酸脱氢酶突变型胶质瘤发生、发展中的作用及磁共振波谱检测方法胶质瘤;异柠檬酸脱氢酶;α-羟基戊二酸;磁共振波谱
(钕铁硼永磁材料) Date:2015-2021	钕铁硼永磁材料性能及发展前景分析钕铁硼,永磁材料,性能,发展前景	钕铁硼稀土永磁材料腐蚀防护技术的研究进展钕铁硼稀土永磁材料,防护技术,研究进展
生态旅游综述	生态旅游研究方法综述生态旅游,研究方法,综述	生态体育旅游概念综述生态体育旅游,概念,综述
国家实力评估	网络能力与国家实力:网络评估(译文)定性评估;国家决策;网络能力;网络安全;关键基础设施	"对国家网球队""内在实力""评估的初探网球运动员,评估方法,国家网,综合能力,学习能力,运动能力,精神修养,行为纠正,教练员,排名榜"
现代企业管理创新	现代企业财务会计信息化管理体系创新现代企业;财务会计;信息化管理体系;创新;研究分析	现代企业文化创新对企业管理创新的影响模式企业文化,企业管理,创新,影响模式
音乐作品的著作权保护研究	实景历史舞剧著作权保护研究实景历史舞剧,著作权,权利归属,侵权判定	网络环境中音乐作品著作权诉讼问题研究音乐作品,网络环境,诉讼
实习管理系统	基于B/S的智能化线上实践教学管理系统研究与实现制造工程训练,实践教学,线上教学管理系统,个性化培养	高职专业群顶岗实习管理系统数据库设计专业群,顶岗实习管理系统,数据库设计
返流性食管炎	全胃切除术治疗胃底贲门癌的远期疗效胃肿瘤,外科手术,生存率	海藻酸钠在临床的应用海藻酸钠,临床应用,控释辅料
结直肠癌伴肝转移	伊立替康或奥沙利铂联合卡培他滨治疗结直肠癌伴肝转移的临床研究结直肠癌,临床疗效,伊立替康,卡培他滨,奥沙利铂	结直肠癌MDM2基因表达与生物学行为的关系MDM2基因,p53基因,PCNA,结直肠癌
信号参数测量	超高清数字视频基带信号抖动测量技术研究超高清视频;抖动测量;高速串行信号;波形计量	超高清数字视频基带信号抖动测量技术研究超高清视频;抖动测量;高速串行信号;波形计量
hpv疫苗的研究进展	关于HPV疫苗安全性的相关研究进展子宫颈癌,HPV,HPV疫苗	HPV疫苗的研究进展人乳头状瘤病毒,宫颈癌,HPV疫苗,预防性疫苗,治疗性疫苗
吉林省 税收	治理现代化视阈下吉林省小微企业纾困问题探析治理现代化,小微企业,稳预期,稳就业	财政与税收体制的创新对策探讨财政,税收,创新改革,应用对策
关键词:资源环境经济	低碳经济的发展模式研究低碳经济,低碳发展,节能减排,碳中和技术	第二代农民工市民化:现状分析与进程测度农民工代际差异,第二代农民工,市民化进程
作者单位:河北邯山小学	谈小学语文教学中如何培养学生的阅读兴趣小学语文,阅读兴趣,语文教学,兴趣学习	新课改背景下小学语文激趣教学研究新课改,小学语文,激发学习兴趣
网络依赖	青少年网络依赖现象成因及对策网络依赖,青少年成长	中学生家庭亲密度及适应性与网络依赖的关系:孤独感的中介效应中学生心理健康;家庭亲密度及适应性;网络依赖;孤独感
网络营销 消费者行为 企业应对策略	网络营销环境下消费者行为变化和企业应对策略研究网络营销环境,消费者行为变化,企业应对策略	基于女性消费特点的网络营销策略研究网络时代,女性消费者,网上消费,网络营销策略
民俗文化保护传承	从传承人到继承人:非物质文化遗产保护的创新思维非物质文化遗产保护,传承人,继承人,创新思维	"论民俗类非物质文化遗产的传承、保护和利用民俗,非物质文化,传承
"
风蚀地貌工程	风力侵蚀对西气东输(甘肃段)工程影响分析水土流失,风力侵蚀,土壤环境,西气东输工程	西气东输工程水土流失综合防治体系设计水土保持,风蚀区,风水蚀区,水蚀区,综合防治,西气东输工程
基于MATLAB的图像分割算法研究	基于MATLAB的图像分割算法研究及实现图像分割;双峰法;迭代阈值法;canny算子	基于分水岭算法的图像分割方法研究图像分割,数学形态学,分水岭,计算机仿真
作者：张婷	2016—2018年11所医院儿童血培养分离菌的耐药性分析血培养,细菌,耐药,儿童	颗粒剂四君子膏对脾气虚证模型大鼠心功能的影响颗粒剂四君子膏,脾气虚证,心功能,脑钠肽,环磷酸腺苷
关键词：隐性质量成本	基于BN的建筑施工项目隐性质量成本控制研究贝叶斯网络,建筑施工项目,隐性质量成本	浅谈自动化行业质量成本管理质量成本管理,自动化,隐性成本
促进护理专利发明	基于心理契约理论对ICU护士科研行为的干预研究ICU护士,护理科研,心理契约,科研行为,科研论文	"21家三级甲等综合医院护士创新行为现状及其影响因素分析综合医院;护士;创新行为;组织创新气氛
"
荆门市第一人民医院卢志刚	红花黄色素注射液对老年急性脑梗死中性粒细胞明胶酶相关脂质运载蛋白、白细胞介素-18和单核细胞趋化蛋白-1的影响红花黄色素,急性脑梗死,老年,中性粒细胞明胶酶相关脂质运载蛋白,白细胞介素-18,单核细胞趋化蛋白-1	醒脑静注射液对老年急性脑梗死血瘀证患者的疗效及血液流变学的影响醒脑静注射液,脑梗死,血瘀证,血液流变学
倾斜滑道设计	一种新型硬币分拣机的模块化创新设计Arduino,称重传感器,倾斜滑道,联动机构	一种对虾头尾与背腹定向装置的设计与试验定向,头尾,背腹,南美白对虾,滑道
专家辅助人	刑事专家辅助人制度的实践分析与完善建议刑事司法,专家辅助人,鉴定意见	专家辅助人制度理解误区及完善路径鉴定意见,证据质证,专家辅助人,专家证人
脂肪组织石蜡	改良病理技术HE染色在病理诊断中的应用研究病理技术;HE染色;病理诊断	生长追赶宫内发育迟缓大鼠脂肪组织中巨噬细胞浸润及TNF-α/IL-6分泌水平宫内发育迟缓,脂肪细胞,炎症反应,胰岛素抵抗,大鼠
基于信息熵的特征选择算法研究	一种改进的基于信息熵的半监督特征选择算法信息熵;半监督;特征选择	基于重采样与属性约简的多模态选择性集成学习选择性集成方法,重采样,相对决策熵,约简,粗糙集
作者:陈卫东 山东	PD-1/PD-L1抑制剂联合化疗对比化疗一线治疗晚期非小细胞肺癌疗效及安全性的Meta分析非小细胞肺癌,PD-1/PD-L1抑制剂,化疗,程序性死亡受体-1,程序性死亡-配体1	抗生素对免疫检查点抑制剂治疗非小细胞肺癌疗效影响的Meta分析非小细胞肺癌,免疫检查点抑制剂,抗生素,程序性死亡受体1,程序性死亡配体1
题名:慕课 护理教学	慕课教学模式在提高临床护理教学质量中的作用探究慕课教学模式,临床护理教学,教学质量	护理学专业学生对《基础护理学》开展慕课教学态度的质性研究慕课,基础护理学,教学,护理学专业学生,质性研究
病理报告 及时性	病理报告延迟相关因素分析病理科,医院,全面质量管理,质量控制,外科	手术标本病理诊断报告延发的科内因素分析手术标本,病理报告,延发,质量控制
家庭教育投资	农村家庭收入对农村家庭教育投资行为的影响--基于湖北省随州市农村家庭的调查家庭教育投资,家庭收入,投资行为	"未成年子女数量与农村家庭教育投资——来自1559个农村家庭的证据子女数量,农村家庭,教育投资
"
幼儿园教育指导纲要	《幼儿园教育指导纲要（试行）》：从文本到儿童发展《幼儿园教育指导纲要(试行)》,幼儿园教师,幼儿,理解和实施,儿童发展	《幼儿园教育指导纲要（试行）》：从文本到儿童发展《幼儿园教育指导纲要(试行)》,幼儿园教师,幼儿,理解和实施,儿童发展
中小学生学习方式	小学数学自主探究学习方式的案例分析与反思小学数学,自主探究,学习方法,有效措施	中小学研学旅行的意旨:变革学习方式学习方式,研学旅行,文本知识,在场体验
设施农业	气象条件对设施农业的影响研究气象条件;设施农业;影响	设施农业蔬菜栽培技术要点设施农业;蔬菜栽培;栽培技术;栽培要点
数字孪生	数字孪生网络(DTN):概念、架构及关键技术数字孪生网络,网络自动化,网络闭环控制,全生命周期运维	数字孪生技术在交直流配电网的应用研究交直流配电网,数字孪生,全生命周期,运维分析
人力酒店员工流失离职成本	"""千禧一代""酒店员工离职现象的经济学分析千禧一代,酒店员工,人才流失,效用最大化"	"""千禧一代""酒店员工离职现象的经济学分析千禧一代,酒店员工,人才流失,效用最大化"
员工绩效	心理资本对员工的工作绩效、组织承诺及组织公民行为的影响心理资本,工作绩效,组织承诺,组织公民行为	油田企业员工绩效考核存在的问题与对策油田企业;员工绩效考核;人力资源管理
类人胶原蛋白修复敷料	铒激光联合类人胶原蛋白敷料治疗面部痤疮凹陷性瘢痕临床观察痤疮凹陷性瘢痕,类人胶原蛋白敷料,铒激光	微针滚轮联合外用药物治疗黄褐斑27例临床观察黄褐斑,微针滚轮术,维生素C,类人胶原蛋白修复敷料,氢醌乳膏
刑侦监控	基于深度学习的人脸识别系统在智慧农业领域的应用研究人脸识别;深度学习;系统设计	刍议派出所刑侦工作的现实困境与解决路径派出所,刑侦工作,现实困境,解决路径
法官职业理性	现代性视野下司法的信任危机及其应对现代性,人格信任,制度信任,司法公共参与	法律论证及其在法律方法体系中的地位法律论证,法律方法,法律解释,法律推理
医疗器械监管制度	FDA的医疗器械监管科学:最小负担原则及应用医疗器械,FDA,最小负担原则,注册审评,监管科学,全生命周期	医疗器械市场监管制度的优化途径分析医疗器械,动态博弈
316L不锈钢动态再结晶行为	核电装备用奥氏体不锈钢的高温本构模型及动态再结晶316L不锈钢,应力-应变曲线,热变形,动态再结晶	316LN高氮超低碳奥氏体不锈钢的热变形行为和组织演变316LN高氮超低碳奥氏体不锈钢,热变形,本构方程,动态再结晶
作者单位:  中原区 中学	依托单元整合培养学生问题意识问题意识,核心素养,思维品质,单元整合	依托单元整合培养学生问题意识问题意识,核心素养,思维品质,单元整合
"(IPV6) 关键词:""IPV6"""	基于IPV6的校园网建设IPV4,IPV6,升级	IPv6发展特点及对策建议IPv6,部署,产业链
北京九州一轨	考虑剪力铰作用的预制短型钢弹簧浮置板轨道动力响应研究车辆-轨道耦合动力学;浮置板;剪力铰;预制短板;减振	车辆段道砟垫减振特性分析研究道砟垫,车辆段,上盖开发,减振
创面的发病机制	生物大分子敷料在慢性创面修复中的应用进展生物大分子;慢性创面;功能性敷料;伤口愈合	深化对烧伤脓毒症诊断体系与治疗策略的认识烧伤,脓毒症,发病机制,诊断标准,治疗策略
药物共晶	药物共晶的研究新进展活性药物成分;共晶;理化性质;制备;表征	阿魏酸和 4,4- 联吡啶药物共晶的合成及表征药物共晶,溶解性,缓慢蒸发法
作者:范少罡	民事诉讼中司法鉴定委托问题探析司法鉴定,委托,问题,建议	"对种子司法鉴定中几个问题的探讨种子,质量,司法鉴定,合法权益,选择
"
介电电容器石墨烯	新型碳材料——石墨烯的制备及其在电化学中的应用石墨烯,制备,电化学应用,综述	激光诱导三维网状石墨烯的一步法制备及应用三维网状石墨烯,一步制备法,激光诱导石墨烯,超级电容器,传感器
医学论文中常见的统计错误分析	医学论文中条图常见错误分析医学论文,统计图,条图	被撤销医学论文数据学术不端行为与防范对策研究学术不端,数据伪造,数据剽窃,数据篡改,行为特征,被撤销医学论文
程序设计综述	HLA仿真程序设计综述高级结构,联邦,联邦成员,对象模型模板,运行支撑环境,联邦对象模型,模拟对象模型	HLA仿真程序设计综述高级结构,联邦,联邦成员,对象模型模板,运行支撑环境,联邦对象模型,模拟对象模型
(中毒) 题名:例	2015-2019年江西省毒蕈中毒病例流行病学特征分析毒蕈中毒,食源性疾病,流行病学特征,食物中毒,江西	586例急性中毒住院患儿临床特征分析急性中毒,临床特征,儿童
地下水水位预测GM	基于时间序列模型的济南趵突泉地下水位预测济南泉域,趵突泉,地下水位,灰色时间序列模型,供水保泉	基于GM(1,N)模型的临漳县地下水矿化度研究地下水,矿化度,GM(1,N)模型,拟合精度
作者:张翰文	复方倍他米松注射液联合套管针治疗带状疱疹后遗症神经痛复方倍他米松注射液,套管针,带状疱疹,后遗症,神经痛,治疗	健康信念模式在高危糖尿病足患者护理中的应用效果研究健康信念模式,高危糖尿病足,护理,应用效果
(碳纳米管 分子动力学) Date:2010-2021	直流GIL绝缘子环氧树脂/碳纳米管复合涂层关键物理性能的分子动力学模拟环氧树脂,碳纳米管,分子动力学模拟,介电常数,热扩散系数	纳米材料力学行为的原子尺度模拟研究纳米材料,理想强度,断裂,分子动力学模拟,第一原理计算
废塑料制油	废弃塑料降解与回收再利用研究进展废弃塑料;降解;回收再利用;可持续发展	基于碳税与碳排放的废塑料油加工方案选择与效益评价废塑料油;碳排放;催化裂化;蒸汽裂解;技术经济分析;碳税
华丰镇中心小学	如何有效创新小学数学教育教学小学数学,课堂教学,创新	提升小学体育田径训练水平的策略探究小学体育,田径训练水平,提升
酒店业现状	酒店质量管理现状与对策研究酒店服务,质量管理问题对策	智慧化赋能下乐山酒店业发展的创新研究酒店,智慧化,创新,乐山
教育见习实习	高职院校学前教育专业学生见习存在的问题与对策高职院校,学前教育专业,学生见习	"地方高校普通教师教育专业""233""融合教育素养培养模式探讨融合教育;融合教育素养;人才培养模式"
脊柱有限元分析	有限元分析方法在脊柱生物力学研究中的应用进展脊柱,生物力学,有限元分析,内置物	皮质骨轨迹螺钉固定对相邻节段影响的有限元分析皮质骨轨迹螺钉,椎弓根螺钉,相邻节段退变,内固定,脊柱,有限元分析
老年社会保障问题及对策	老年社会保障的现存问题及对策分析老年社会保障,现状,对策	老年残疾人康复服务提供中存在的困境及对策研究老年残疾人,康复服务,困境,对策
小班幼儿一日生活常规的培养	小班幼儿常规的培养幼儿教育,小班幼儿,常规	小班幼儿规则意识培养的重要性分析小班幼儿,活动规则意识,重要性分析
作者单位:巴中市职业中学	高中体育身体素质训练中分层训练法应用策略探讨高中体育,身体素质训练,分层训练法,应用策略	中职学前教育专业如何让学生学到教授经验中职学前教育,高效课堂,学生耐心,正确观念,感同身受
混合流水车间调度优化	考虑序列设置时间的混合流水车间多目标调度研究混合流水车间,多目标调度优化,NSGA-Ⅱ	基于PSO-GA混合算法的转向架混流装配车间生产调度研究混合流水,转向架,生产调度,PSO-GA混合算法
流产方式	两种流产方式对剖宫产术后早孕孕妇的效果观察剖宫产,早孕,人工流产,药物流产,出血量,不良反应	未婚女性采用不同流产方式的临床效果比较流产方式,临床效果比较
XRD分析	超细NC/GAPE/CL-20含能复合纤维的制备及性能研究物理化学;静电纺丝;CL-20;热化学分析;含能复合纤维	Gd3(Al,Ga)5O12:Ce闪烁晶体扭曲生长、组分偏析与性能研究多晶扭曲生长,温度梯度,组分偏析,衰减时间
中国心力衰竭诊断和治疗指南	中国心力衰竭诊断与治疗质量评价和控制指标专家共识心力衰竭,绩效指标,质量指标	中西医结合诊治舒张性心力衰竭--结合《中国心力衰竭诊断和治疗指南2014》探析心力衰竭,辨证论治,标本论治,虚证,血瘀
骨髓干细胞 肝硬化	自体骨髓干细胞治疗肝硬化的应用及管理肝硬化,骨髓移植,治疗学,综述	自体骨髓干细胞移植治疗肝硬化的护理体会骨髓干细胞移植,肝硬化,护理
厄尔尼诺	不同类型厄尔尼诺事件中环境因子对中西太平洋金枪鱼围网鲣分布响应鲣;最大熵模型;厄尔尼诺事件;中西太平洋海域	不同类型厄尔尼诺事件中环境因子对中西太平洋金枪鱼围网鲣分布响应鲣;最大熵模型;厄尔尼诺事件;中西太平洋海域
全球人口	人口结构变化、外资进入与房价——基于全球视角的分析人口结构;FDI;房价	全球环境治理转型下的中国环境外交:理念、实践与领导力全球治理,生态环境,环境外交,人与自然生命共同体
仓库布局	联勤保障一线仓库布局优化分析一线仓库,布局,优化	基于SLP的电商仓库布局优化研究系统布置设计方法(SLP),电商仓库,平面布局,物流强度
肠梗阻  二胺氧化酶	二胺氧化酶、D乳酸测定在婴幼儿肠缺血坏死诊断中的意义肠疾病/诊断,局部缺血,坏死,胺氧化酶(含铜)/分析,乳酸/分析	血清降钙素原与结直肠癌术后并发症的相关性分析降钙素原,结直肠癌,术后并发症,相关性
石家庄农村电子商务	电子商务环境下 农村现代商品流通网络构建机制研究电子商务环境,农村,现代商品流通网络,构建	农村电子商务与乡村社会变迁研究评述农村电子商务,空间转型,社会变迁,新型城镇化
林黛玉与薛宝钗	闲谈情商-林黛玉与薛宝钗对比启示情商,人情世故,交际技巧	封建“淑女”的理想化与世俗化——以燕梦卿、林黛玉、薛宝钗的悲剧命运为中心封建淑女,林兰香,三女性比较
(骨科运动医学与关节镜微创技术分析) Date:*-2019	骨科运动医学与关节镜微创技术分析骨科,运动医学,关节镜,微创技术,分析	"家庭承包责任制:农村现代化的加速器家庭承包责任制,农村,现代化,十一届三中全会,乡镇企业,价值观念,村民自治,生产责任制
"
网络暴力	自媒体网络暴力行为的法律规制网络暴力,言论自由,自媒体,法律规制,民事赔偿,网络实名制	网络暴力舆论的特征和成因分析网络暴力舆论,人肉搜索
精准监管	基于大数据的医保精准监管路径概述大数据,医保精准监管,控费提质	精准化监管模式在防控医院多重耐药菌感染中的应用与效果分析精准化监管模式;多重耐药菌;感染防控
自由呼吸增强	自由呼吸StarVIBE序列用于采集胸部T1WI胸部,磁共振成像,图像质量	自由呼吸状态下冠状动脉CT造影可行性研究自由呼吸,屏气,体层摄影术,X线计算机,冠状血管造影术
车身结构件	轿车车身结构件分析与设计技术结构件,车身性能,三厢轿车,构件设计	全载体车身结构件级进冲压成形排样设计车身结构件,排样图,实冲试验,全载体形式
超声检测	基于深度学习的钢轨伤损超声检测与分类钢轨内部伤损;超声检测;深度学习;图像分类	"在线超声检测系统中螺旋线圈换能器的应用电磁超声;重载货车车轮;在线车轮检测;声场指向性
"
LGI1脑炎	富亮氨酸胶质瘤失活1蛋白自身抗体相关性脑炎二例富亮氨酸胶质瘤失活1蛋白,边缘叶脑炎,磁共振,面臂肌张力障碍	抗体阳性与抗体阴性的自身免疫性脑炎患者临床特征比较自身免疫性脑炎,自身抗体,抗N-甲基-D-天冬氨酸受体抗体
受害者沉默	高校性骚扰受害者的沉默原因: 一项初步研究校园性骚扰,性骚扰受害者,沉默现象,争议解决,正式途径	从贞操文化谈性侵害和性教育贞操文化,性侵害,性教育
题名:汗 自主神经	"""引火归元""和消渴汗证引火归元;消渴;汗证;糖尿病周围神经病变;自主神经病变"	"""引火归元""和消渴汗证引火归元;消渴;汗证;糖尿病周围神经病变;自主神经病变"
女性毒品犯罪	失范与回归:青年女性吸毒生涯退出的犯罪社会学分析青年女性,吸毒生涯,退出障碍,犯罪社会学	女性毒品犯罪之基本状况及治理路径——基于1000个案例之实证研究女性,毒品犯罪,治理能力,犯罪预防
数字金融农业绿色发展	金融数字化是否促进了绿色金融发展?——基于中国工业上市企业的实证研究金融数字化,绿色金融,污染企业,短期融资	农业供给侧改革背景下支农财政政策的研究农业供给侧改革,支农财政政策,财政举措
椎动脉型颈椎病系统评价	整脊及相关疗法治疗椎动脉型颈椎病的系统评价椎动脉型颈椎病,整脊疗法,系统评价	手法治疗椎动脉型颈椎病临床随机对照试验的系统评价颈椎病,肌肉骨骼手法,随机对照试验
灸法原理	灸法原理灸法,原理	信息疗法-针灸原理初探信息疗法,针灸疗法,针刺麻醉,针麻原理,针灸原理,控制系统,信息编码,经络现象,信息论,输入信息
毕节市初中	如何提高初中生的英语阅读理解能力初中生,提高,英语,阅读能力	小组合作学习在初中化学教学中的应用小组合作学习,初中化学,教学,应用
水中  脑卒中	水中运动训练对恢复期脑卒中患者下肢肌肉力量和步行能力的影响水中运动,脑卒中,肌肉力量,痉挛	火针疗法治疗脑卒中后假性球麻痹致吞咽困难的临床研究脑卒中,假性球麻痹,神经源性吞咽障碍,火针,血氧饱和度
推拿治疗小儿腹痛	腹痛方外敷结合推拿治疗湿热蕴结型小儿肠系膜淋巴结炎疗效观察小儿肠系膜淋巴结炎,湿热蕴结型,腹痛方,小儿推拿	小建中汤联合推拿治疗小儿脾胃虚寒型腹痛的临床效果观察小建中汤,推拿,小儿脾胃虚寒型腹痛,临床效果
作者单位:民勤教育	解放语文教学中教与学的劳动强度探赜中学语文,教与学,解放,劳动强度,综合素养	内耳结构异常的语前聋人工耳蜗植入儿童听觉语言康复效果评价电刺激诱发听神经复合动作电位,Mondini畸形,蜗孔狭窄,听神经纤细,人工耳蜗
电力电缆故障	基于暂态行波的铁路电力电缆故障定位系统设计与实现人工神经网络;故障定位;特征提取;Matlab	远程电网变电站轻质电缆沟盖板故障诊断可靠性研究电网变电站,电缆沟盖板,故障诊断,超声谱分析
玉雕营销	浅谈蚌埠玉雕产业的发展方向蚌埠玉雕,玉雕中的民俗,品牌效应,新式营销,集群效应	国内玉雕产业化发展的思路分析--以惠安玉雕为例惠安,玉雕,产业,发展
作者单位:   天馨学校	关于传统文化与初中语文教学的研究传统文化,初中,语文教学,研究	"数学史融入课堂教学——以""十字相乘法""为例数学史;课堂教学;十字相乘法"
(自我管理) 题名:自我管理  跌倒	医护患一体化自我管理教育在脑卒中患者居家康复中的应用脑卒中,自我管理,居家康复	老年住院患者跌倒预防自我管理行为的现状调查跌倒,老年人,自我管理
中国保健营养	围产期孕妇保健中孕期营养指导的应用分析围产期孕妇;孕期保健;营养指导	健康教育及保健指导对小儿营养不良治愈率的影响小儿营养不良,健康教育,保健指导,治愈率
钛合金血管	新型可回收血管支架的设计与有限元分析可回收血管支架,药物洗脱支架,回收系统,回收过程	"腹腔镜下肾部分血流阻断器的设计制作及初步实验研究腹腔镜检查,肾部分切除术,肾部分血流阻断器,热缺血时间
"
手机市场	多层贝叶斯模型在消费者偏好分析中的应用研究——基于手机市场数据贝叶斯方法,多层贝叶斯模型,手机市场,消费者偏好	互联网使用、市场意识与农民收入——来自陕西908户农户调查的经验证据农民收入,互联网,市场意识
慢性乙肝患者服药依从性	老年慢性乙肝患者服药依从性影响因素现状调查老年,慢性乙肝,服药依从性	微信延续护理对慢性乙肝患者治疗依从性的影响效果分析微信,延续护理,慢性乙肝,治疗依从性
关键词:城市集聚经济	中国的地区工业集聚:经济地理、新经济地理与经济政策工业集聚,经济地理,新经济地理,经济政策	沪宁杭城市密集区城市流研究城市流,城市流强度,沪宁杭城市密集区
(中国特色社会主义) 关键词:文化软实力	我国文化软实力提升路径探析文化软实力;社会主义文化强国;中华文化	坚持创造性转化、创新性发展用心用情用功做好文化类节目创作播出文化类节目;中华优秀传统文化;创造性转化;创新性发展;文化软实力
新时代构建人类命运共同体	新时代构建人类命运共同体的价值论思考人类命运共同体,价值主体,价值评价,价值实现	构建人类命运共同体对历史唯物主义的原创性贡献人类命运共同体,历史唯物主义,全球治理体系,普遍交往,共同价值
重金属分布特征	芜湖市工业区土壤重金属形态分布特征城市工业区,重金属,芜湖	漳州市城市土壤重金属含量特征及控制因素重金属,土壤,相关分析,聚类分析,漳州市
疏浚 土  生产率	耙吸挖泥船施工效率预测模型研究自航耙吸挖泥船,施工效率,模型	基于遗传BP神经网络的耙吸挖泥船产量预测研究耙吸挖泥船,干土方生产率,BP神经网络,遗传算法
蛭龙活血通瘀胶囊	蛭龙活血通瘀胶囊对脑出血大鼠血清炎性因子的影响蛭龙活血通瘀胶囊,脑出血,病理形态,TNF-α,IL-1,IL-6	蛭龙活血通瘀胶囊联合手法复位小夹板外固定治疗 桡骨远端骨折的临床疗效分析桡骨远端骨折,手法复位,蛭龙活血通瘀胶囊,夹板外固定
酰胺大环化合物合成	N,N-二甲基甲酰胺(DMF)促进羟基氮杂环与卤代烃的专一性N-烷基化反应:直接高效的吡啶酮类化合物合成方法羟基氮杂环;卤代烃;吡啶酮;N-烷基化;N,N-二甲基甲酰胺(DMF);溶剂效应	"含有双氰基环丙烷甲酰胺类化合物的合成及生物活性双氰基环丙烷甲酰胺,Strecker反应,缩合,生物活性
"
二阶RC电路参数辨识	基于自适应无迹卡尔曼滤波的动力电池SOC估计二阶RC等效电路模型,无迹卡尔曼滤波,电池SOC,自适应算法	基于改进的CDKF锂电池SOC估计方法荷电状态;CDKF;参数辨识;LM优化方法
新员工培训问题及对策研究	新员工培训问题及对策研究新员工培训,培训体系,培训需求分析	浅谈企业员工培训中存在的问题及对策基层单位,培训工作,问题,改进措施
秀丽隐杆线虫	秀丽隐杆线虫在神经科学研究中的应用秀丽隐杆线虫,高级神经功能活动,神经系统疾病,神经科学	秀丽隐杆线虫研究综述秀丽隐杆线虫,研究,前景
竞业限制 商业秘密	商业秘密保护与竞业禁止商业秘密保护,竞业禁止,社会公共利益	商业秘密即发侵权保护:不可避免披露制度的引入与重构商业秘密,即发侵权,不可避免披露原则,硅谷共享信息模式
酚醛泡沫塑料	酚醛泡沫塑料研究进展及其应用酚醛树脂,泡沫塑料,研究进展,应用	酚醛泡沫塑料的性能及其发展新趋势酚醛泡沫,抗压强度,弯曲强度,脆性,生产工艺
(上市公司财务风险分析) Date:2016-2021	医药制造业上市公司的财务风险分析医药制造业上市公司,公司财务状况评价,因子分析,功效系数法	上市公司并购财务风险分析及防范上市公司,公司并购,财务风险,风险防范
web新闻发布系统	基于web的新闻发布系统新闻发布系统,web,三层B/S结构,JAVABEAN	"基于WEB的企业新闻发布系统的设计web,新闻发布系统,设计
"
下腔静脉扩张指数	中心静脉压和下腔静脉扩张指数评价机械通气脓毒症患者 容量状态的临床探讨脓毒症,机械通气,容量状态,CVP,dIVC	全腔静脉肺动脉连接术后早期吸入一氧化氮对肺血管阻力的影响心脏缺损,先天性,一氧化氮,心血管外科手术,血液动力学
作者:徐道稳	我国社会工作者工资决定机制研究——基于对深圳市社会工作实践的分析社会工作者,工资决定机制,退出-挽留机制,退出-呼吁机制	改革开放以来中国慈善事业的转型发展——以国家发展战略为分析视角改革开放,慈善事业,转型发展,国家发展战略
赞同言语行为	汉语不赞同言语行为的调节策略不赞同言语行为,内部调节,外部调节	浅谈言语行为理论及其应用言语行为理论,奥斯汀,舍尔,应用
慢性阻塞性肺疾病的治疗	慢性阻塞性肺疾病的治疗进展慢性阻塞性肺疾病,治疗,雾化吸入治疗	慢性阻塞性肺疾病的治疗进展肺疾病,慢性阻塞性,药物治疗,非药物治疗,研究进展
社区矫正未成年人犯罪	社区矫正对未成年犯罪的功能分析及完善措施未成年犯;社区矫正法;功能分析;完善措施	未成年人毒品犯罪处遇机制的完善未成年人,毒品犯罪,原因,处遇机制
湛江市第二人民医院	肝硬化疾病诊断中的生化检验项目价值研究生化检验,肝硬化,临床诊断	经筋刺法治疗中风偏瘫肢体痉挛状态肢体痉挛;中风偏瘫;经筋刺法
对台政策	蔡英文上台后日本对台政策新趋势探析日本对台政策,中日关系,蔡英文	"新中国成立前后美国对台政策初探美国,新中国,对台政策
"
幼儿园教育小学化倾向的现状调查及对策研究	幼儿园“小学化”治理:发展历程、现实问题与对策建议幼儿园教育,小学化,城镇乡差异,治理工作	幼儿教育小学化倾向的现状以及对策幼儿教育,小学化倾向,现状及对策
PCR检测白血病	实时定量荧光PCR检测白血病融合基因白血病,融合基因,实时定量RT-PCR	一步法实时荧光定量PCR检测白血病WT1基因mRNA聚合酶链反应定量,白血病,WT1基因
蛭丹化瘀  北京友谊医院	蛭丹化瘀组方制剂的质量研究蛭丹化瘀方,芍药苷,阿魏酸,芒柄花素,丹皮酚,含量测定,高效液相色谱法	蛭丹化瘀组方对LPS诱导急性肺损伤大鼠炎性反应的影响蛭丹化瘀组方,脂多糖,肺损伤,炎性反应因子
信息系统安全与保密	基于网络安全的医院信息安全设计改造与分析网络安全,医院信息系统,现状,需求,设计	政务信息系统云化迁移过程的信息安全和保密管理研究政务信息系统;云化迁移;信息安全;保密管理
高血压视网膜病变(hypeesive	舒血宁注射液辅助治疗高血压视网膜病变的临床疗效高血压;视网膜病变;舒血宁注射液;临床疗效;小动脉痉挛;动静脉交叉	高血压视网膜病变与血脂高血压视网膜病变,血脂
互助养老	"""义庄"":创建现代农村家族邻里互助养老模式的重要参鉴——基于社会资本的视角人口社会学,社会资本,农村养老模式,家族"	社区互助养老:解决我国城乡养老问题的理性选择社区,互助,养老
越X越Y	“越X越Y”构式解析“越X越Y”构式,构式义,构式语法	"俄汉语""越X,越Y""句的构式标记比较分析""越X,越Y"",结构格式,成分构成,比例关系句位管控"
转基因大豆油的检测技术	荧光定量PCR对大豆油中转基因成分的检测大豆油,实时荧光技术,转基因成分	抗草甘膦转基因大豆的酚类物质分析转基因大豆,酚类,HPLC图谱
骨和关节感染 病原菌	老年关节假体周围慢性感染病原菌特点调查老年人,慢性感染,细菌谱,耐药,关节假体周围感染	2014-2016年北京市9家医院人工髋膝关节置换术后假体周围感染患者微生物学的多中心调查研究关节成形术,置换,髋,膝,微生物,抗菌药物,感染
习近平 作风建设	习近平党的作风建设思想探析习近平,作风建设,党性,问题导向,制度化	习近平强调党的作风建设的当代价值党的作风建设,作风不正原因,改进作风对策
烧伤患者的运动治疗	康复运动训练对尿毒症血液透析患者睡眠质量及疲劳程度的影响康复运动训练,尿毒症,血液透析,睡眠质量,疲劳程度	阿基米德悬吊系统在深度烧伤后膝关节屈曲功能障碍康复中的临床效果烧伤,康复,膝关节,悬吊
基于税收优惠的我国个税递延型养老保险研究	基于税收优惠的个税递延型养老保险研究税收优惠,个税递延,养老保险	我国个人商业养老保险的 税优政策研究 ——基于个税递延型商业养老保险试点个税递延型,商业养老保险,税优政策,EET模式,累退效应,TEE模式
群众路线	关于践行党的群众路线的思考群众路线,党群干群关系,四风问题	群众路线的社会治理功能论析群众路线;社会治理功能;人民群众;党史百年
刮痧历史	刮痧疗法的历史沿革与发展刮痧,痧症,发展	刮痧疗法干预新型冠状病毒肺炎恢复期的分析和建议新型冠状病毒肺炎,刮痧,瘟疫,咳嗽,免疫机制,抗氧化
中医人才特征	从中医师承教育思考当今中医学教育中医学教育,师承教育,院校教育	中药化学课程思政的教学探索与教学效果实践中药化学;课程思政;教学探索;教学效果
房产税房价宏观调控	浅析房产税开征对房地产行业发展的影响房产税,房价,房地产行业	房产税调控政策对商品房价的影响研究——基于合成控制法的分析房产税,宏观政策,房价,合成控制法
混凝土结构耐久性	混凝土结构耐久性的研究综述混凝土,结构,耐久性	公路桥梁混凝土结构耐久性与养护技术研究公路桥梁,混凝土结构,耐久性施工,桥梁养护
二语习得 英语教学	第二语言学习策略研究:问题与对策学习策略,第二语言习得,外语教学	"检验""投入量假设""的实证研究--阅读任务对中国学生词汇记忆的影响投入量假设,阅读任务,词汇记忆,中国学生"
聚类算法	深度聚类算法研究综述聚类;深度学习;特征学习;神经网络结构;聚类损失;网络辅助损失	无人仓系统订单分批问题及K-max聚类算法无人仓;货到人;订单分批;分类型数据;取大运算;K-max聚类算法;加权距离
作者:朱熙昀	经脐单孔腹腔镜联合微创筋膜闭合器治疗小儿腹股沟斜疝206例临床体会经脐单孔腹腔镜,微创筋膜闭合器,小儿腹股沟斜疝	白蛋白紫杉醇治疗HER-2阴性晚期乳腺癌的效果和安全性分析白蛋白紫杉醇,HER-2阴性晚期乳腺癌,临床疗效
法律的权威	论社会主义法律的权威性依法治国,法律权威,法律失控,社会主义法律	谈农村社会国家法律的权威--对法律规范自身的思考法律权威,农村,法治,法律规范
细菌性阴道炎	康妇凝胶治疗细菌性阴道炎和霉菌性阴道炎的疗效观察康妇凝胶;细菌性阴道炎;霉菌性阴道炎;疗效观察;不良反应;有效率	师承椒艾汤加减在妇科细菌性阴道炎中的应用细菌性阴道炎,效果,妇科,椒艾汤
科技期刊评价体系	智媒时代科普期刊评价体系的症结与创新科普期刊,智媒时代,评价体系,指标革新,智慧评价	基于文献统计的中国杨凌农高会研究进展与展望杨凌农高会,文献统计,农业,农业高新科技
预告登记	浅析不动产预告登记制度的完善不动产,预告登记,不足,完善建议	抵押权预告登记优先受偿权问题探究抵押权,预告登记,优先受偿权
(结肠息肉) 关键词:护理	内镜下高频电凝电切结肠息肉的护理与配合高频电切,结肠息肉,护理	167例无痛结肠镜下行结肠息肉电切术的护理体会无痛结肠镜,结肠多发性息肉,高频电切术,护理
超低能耗房屋	被动式超低能耗建筑设计基础与应用人居环境??被动式设计?超低能耗??建筑节能	寒冷地区被动式超低能耗建筑关键技术寒冷地区,被动式超低能耗,施工技术
琵琶行音乐	我国琵琶艺术的两个高峰时期琵琶艺术,琵琶行,琵琶演奏,民族乐器,弦乐器,五弦琵琶,音乐艺术,艺术魅力,弹拨乐器,少数民族	白居易的音乐诗音乐诗,《琵琶行》,白乐天,全唐诗,《长恨歌》,诗云,胡儿,乐府诗,《与元九书》,中唐时期
老年冠心病合并糖尿病 综合护理	综合护理干预对优化老年糖尿病合并冠心病患者的效果分析老年患者,糖尿病,冠心病,综合护理干预,效果	循证护理对老年2型糖尿病合并冠心病患者疗效及预后的影响冠心病,2型糖尿病,老年,循证护理,预后
高血压心衰	贝那普利联合美托洛尔治疗高血压心衰临床效果观察贝那普利,美托洛尔,高血压心衰,临床效果,观察	不同左心室射血分数心力衰竭住院患者的临床特征、诊疗情况及结局差异心力衰竭;左心室射血分数;临床特征;院内管理;结局
建筑工程中高支模施工工艺分析	房建土建工程中的高支模施工技术研究房建工程,土建工程,高支模,技术要点	房建土建工程中的高支模施工技术分析房建工程,高支模施工,分析
强度预测 岩体	单节理岩体强度试验研究单节理岩体,强度,室内试验,数值试验,岩工工程	基于等效岩体技术的节理参数对岩体强度影响性研究离散裂隙网络,岩体表征单元,岩体强度,敏感性分析
(脱脂酶) 关键词:制革	柴油脂肪酶ZG的制革应用性能研究脂肪酶ZG,性能,制革,脱脂	酶在制革工业与纺织工业中的应用酶制剂,制革,纺织,应用,前景
丰润职教中心	微课在中职会计教学中的运用微课,中职会计教学	职业农民收入水平与培训需求关联性分析——基于河北省的调查职业农民,收入水平,培训需求,关联性
美国精英 特朗普	特朗普权谋:民粹主义外衣下的精英主义内核特朗普,民粹主义,精英主义,内核	特朗普任期内美国内外政策调整与中美关系美国大选,唐纳德·特朗普,美国内外政策,中美关系
水蛭抗凝血实验	水蛭抗凝血作用实验研究及化学成分分析水蛭,抗凝血,成分分析	"水蛭不同提取物抗凝活性的体外实验研究水蛭,抗凝血,提取物
"
四足机器人跳跃	液压四足机器人的跳跃步态控制四足机器人,液压驱动,运动控制,弹簧负载倒立摆,跳跃步态	"液压四足机器人的跳跃步态控制四足机器人,液压驱动,运动控制,弹簧负载倒立摆,跳跃步态
"
冬季、乌拉尔阻塞	1950-2004年欧亚大陆阻塞高压活动的统计特征阻高,地理分布,年际变化,季节内变化	珠三角冬季雷暴的大气环流特征及海温异常背景气候学,冬季雷暴大气环流特征,海温异常背景,气候统计,珠三角
临床路径  精神分裂症	临床护理路径在精神分裂症患者标准化管理中的应用临床路径,精神分裂症,护理管理研究	精神分裂症患者实施临床护理路径的应用效果精神分裂症,临床护理,应用效果
邻水县 高中	信息技术背景下的高中化学教学探究信息技术,高中化学,策略	浅谈高中物理的实验教学的实践研究高中物理,实验教学,实践策略
普惠金融发展的法律机制研究	乡村振兴战略下农村数字普惠金融监管研究乡村振兴;数字普惠金融;金融风险;技术风险;金融监管	互联网金融风险及其防范研究互联网金融,风险组成,风险特点,政策建议
人机协作	人机协作系统中车辆轨迹规划与轨迹跟踪控制研究汽车工程;智能驾驶;人机协作;轨迹规划;轨迹跟踪;深度学习	基于小波包的人机协作训练生理心理特征提取与识别远程康复,人机协作,小波变换,无线体域网,特征提取
作者:冷蓓峥	COPD急性加重并呼吸衰竭患者无创正压通气治疗失败原因分析肺疾病,慢性阻塞性,呼吸功能不全,连续气道正压通气	肺灌洗治疗支气管扩张并发肺脓肿临床疗效研究肺灌洗,支气管扩张,肺部感染,庆大霉素,生理盐水
无公害农产品生产	农药使用与无公害农产品生产农药,无公害农产品,生产	植物保护与无公害农产品生产的发展植物保护,无公害农产品,生产,促进
作者:宋艳	CDX2在人体组织中的表达及临床意义CDX2,上皮,肿瘤	86例子宫内膜样腺癌附件转移患者的临床病理特征分析子宫内膜样腺癌,附件,隐匿性转移,雌激素受体,孕激素受体
作者:倪富健	改性乳化沥青冷拌碎石封层高温性能研究MSCR试验;高温流变性能;负荷轮试验;构造深度变化率	"基于乳化沥青流变性能的桥面铺装磨耗层抗剥落性能研究桥面铺装,乳化沥青类磨耗层,抗剥落性能,流变性能
"
河南民歌	河南民歌研究现状及对策分析河南民歌,研究现状,对策分析	论河南民歌歌词特点与衬词规律河南民歌,衬词,声调,音韵
海上丝绸贸易	"海洋物流对中国与""21世纪海上丝绸之路""沿线国家贸易影响的实证分析海洋物流,引力模型,双边贸易,21世纪海上丝绸之路"	21世纪海上丝绸之路贸易自由化和便利化的经济效应分析海上丝绸之路,贸易自由化,贸易便利化,GTAP模型
饲料现状	微生态饲料添加剂在养殖业中的应用现状微生态,饲料添加剂,应用现状	动物营养与饲料研究的历史、现状与未来动物营养与饲料科学,历史,现状,未来
作者单位:广安市 初中地理	浅谈如何利用平板教学提升初中生的地理素养平板教学,初中地理,素养,多样化,兴趣,教学方法	初中地理探究式教学刍议初中,地理教学,探究式
作者单位:繁昌三中	初中英语教学课堂中如何提高学生的学习兴趣初中英语,学习兴趣,课堂教学,培养	生物探究课教师的作用探究,自主性,素质
市场预测	基于Bass模型对中国私人载客汽车市场预测研究私人载客汽车,bass扩散模型,产品预测	保障适度量化下的基本医保筹资需求分析医疗保险,筹资机制,医疗费用,实际报销比例
情感分析 投资	语调、情绪及市场影响:基于金融情绪词典情绪词典,语调,投资者情绪,市场影响	父辈社会经济地位对子代教育获得及性别差异的影响研究父辈社会经济地位;教育获得;性别差异;性别平等观念
粘质沙雷菌	53株耐碳青霉烯类药物粘质沙雷菌的耐药表型分析粘质沙雷菌,碳青霉烯类,耐药性	耐碳青霉烯粘质沙雷菌耐药基因及分子流行病学研究粘质沙雷菌,碳青霉烯酶,耐药基因,肠杆菌科细菌基因重复序列,同源性分析
当代通信技术	新时期5G无线通信技术发展跟踪与应用5G无线通信;兼容性;高频传输	现代电力电子技术的应用研究电力电子技术;变频器;逆变电路;新能源汽车
食用菌发展前景	河南省食用菌产业现状和发展前景食用菌,产业现状,发展前景	桂林市食用菌生产现状及产业发展前景分析食用菌生产,现状,发展前景
营运资金管理研究	企业营运资金管理研究——以HD公司为例营运资金,营运资金管理,风险分析,内部控制	家电连锁零售企业价值链营运资金管理研究——以国美为例家电连锁零售,价值链,营运资金管理,国美电器
计算机网络技术	计算机网络技术应用分析应用,计算机网络技术,分析	计算机网络技术及在实践中的运用计算机网络技术,实践,运用
污水处理	膜生物反应器处理生活污水相关机理研究污水处理,生活污水,膜生物反应器,电子显微镜,过滤阻力	季节性气候变化下污水处理厂性能及污泥特性分析污水处理,季节性气候变化,污泥去除负荷,水温,污泥特性
电力工程造价管理过程	电力工程全过程造价管理存在的问题及具体对策电力工程,全过程造价	电力工程全过程造价管理措施探讨电力工程,全过程,造价管理措施,分析探讨
虚拟产业集群演化	基于演化博弈的虚拟集群企业入群决策分析虚拟集群,入群,演化博弈,激励原则	基于系统动力学的虚拟产业集群知识转移建模与仿真虚拟产业集群,知识转移,系统动力学
上海建筑	上海建筑——之城市印象上海,建筑,城市印象	"非参数法分析1994～2005年间上海建筑业生产效率发展状况非参数方法,上海建筑业,生产技术效率
"
锡矿选矿工艺	华南某锡矿选矿工艺研究铜铋钼锡矿,选矿,综合回收,工艺研究	难选钨锡矿选矿工艺试验研究钨锡矿,磁选,摇床,浮选,脱泥
作者:曾华娟	积极护理干预对预防产后尿潴留的体会产后尿潴留,积极护理干预,预防	农村中职学生心理健康问题的成因及教育对策农村中职学生,心理健康,成因,教育对策
多功能 热泵	间接膨胀式太阳能多功能热泵系统换热性能的实验研究太阳能,多功能,热泵,换热性能	3种工况下多功能太阳能热泵的热泵制热水性能多功能,太阳能热泵,制热水
校本课程	论校本课程资源的开发校本课程,课程资源,开发	农村校本课程的开发路径校本课程,课程开发,生本价值取向,文化再生产
政党政治碎片化	“政治环境”视角下德国政党格局的新变化德国,“政治环境”,政党格局,选择党,全民政党	欧洲政治碎片化与中欧关系走向欧洲政治,碎片化,中欧关系,民粹主义
机器视觉	基于机器视觉的机械表走时精度测量机械表,机器视觉,mask-rcnn	基于扫描电子显微镜的碳纳米管拾取操作方法研究碳纳米管,视觉反馈,接触检测,位姿识别
作者:史远	高教基教深度融合:生物科学专业创新型师范生培养模式的探索与实践生物科学,创新型师范生,培养模式	Gleeble-3800热模拟试验机压缩模块低应力加载试验设计热模拟试验机,低应力加载,单轴压缩试验
生物科学	国外生物科学期刊信息源概述生物科学,期刊,定量分析,外国	高中生物科学探究素养的培养策略高中生物,科学探究素养,培养策略
钣金工艺	分析当前钣金件结构设计及其工艺优化钣金件,结构设计,工艺优化,分析	机床钣金零件基础构造及其工艺探讨机床,钣金零件,基础构造,工艺加工
大学生职业生涯教育	论大学生职业生涯教育高等教育,大学生,职业生涯教育	基于新时代大学生职业生涯教育教师队伍建设研究新时代,大学生,职业生涯教育,教师队伍,建设措施
生育意愿影响因素	全面二孩政策下延安市宝塔区育龄妇女二孩生育意愿及其影响因素全面二孩政策;育龄妇女;生育意愿;影响因素	全面二孩政策下在浙高校女教师生育意愿及其影响因素调查研究全面二孩政策;高校;女教师;生育意愿
中央银行利率	中央银行选择中长期货币政策工具的内在逻辑——基于国际比较视角中长期货币政策;货币政策界定;短期利率传导不畅;政策利率并行	货币政策利率传导机制有效性分析——基于期限溢酬和利率预期的实证测度货币政策,利率传导机制,期限溢酬,利率期限结构
相关性分析	特殊负荷对日负荷的相关性分析方法特殊负荷,日负荷,相关性分析,灰色关联分析,模糊推理法	甘肃女性就业关键影响因素相关性分析甘肃女性,就业,相关性分析
(物联网技术 智能停车系统) Date:2015-2021	基于物联网技术的分区式停车引导系统设计与实现停车引导,物联网,图像识别,Raspberry Pi	基于NB-IoT的智能停车监测系统设计与实现NB-IoT,智能停车,监测系统,公有云平台
数据科学与大数据技术	大数据研究:未来科技及经济社会发展的重大战略领域——大数据的研究现状与科学思考大数据,数据科学,数据工程,第四范式	支持大数据管理的NoSQL系统研究综述NoSQL,key-value存储,大数据管理
作者单位:江苏省海门中学附属学校	初中地理核心素养的培养及教学方式研究初中地理,核心素养,问题,策略	"基于核心素养培育的初中数学情思教学实践研究初中数学;核心素养;情思教学;高效课堂
"
全家便利店	日系便利店在中国的发展日系便利店,发展,原因	日系便利店在中国的发展日系便利店,发展,原因
BCL-2抑制剂	基于蛋白结构的Bcl-2抑制剂设计与开发Bcl-2蛋白家族,小分子Bcl-2抑制剂,基于结构的设计,活性位点,细胞凋亡,肿瘤治疗	柚皮素联合Bcl-2抑制剂ABT-263调控信号通路AKT对胃癌细胞增殖凋亡的影响柚皮素,Bcl-2抑制剂,胃癌,细胞增殖,AKT信号通路
前路一期手术治疗胸椎 及胸腰段脊柱结核	一期前后路联合手术治疗多节段胸腰椎结核胸椎,腰椎,结核,脊柱,内固定器,骨移植	胸椎或胸腰段脊柱结核后路手术后复治患者的外科治疗]脊柱结核,后路手术,复发,外科治疗
触变泥浆隧道	原材料含量对顶管施工触变泥浆性能的影响顶管,触变泥浆,漏斗黏度,析水率,API失水量	顶管管节壁后触变泥浆探地雷达探测研究探地雷达,顶管,泥浆套,盾构隧道,电磁波传播速度
双亲共聚物	双亲嵌段共聚物PSt-b-PAA在甲苯中的自聚集行为自聚集,反胶束,极性荧光探针,苯乙烯-丙烯酸双亲嵌段共聚物	蝌蚪形双亲水性嵌段共聚物的合成及其水溶液性质原子转移自由基聚合,分子内叠氮-炔基点击化学反应,蝌蚪形双亲水性两嵌段共聚物,相转变,流体力学半径
光刻机镜头	深紫外光刻机的Lens flare监控优化光刻,关键尺寸,Lens flare,光罩	投影光刻机镜头的装校关键工艺与技术投影光刻机,光刻镜头,装校工艺
异位妊娠 病因	92例异位妊娠患者病因分析异位妊娠,发病因素	术后重复异位妊娠79例病因分析及应对措施重复性异位妊娠,病因,应对措施
线粒体 骨关节炎	低强度脉冲聚焦超声通过上调PGAM5蛋白表达促进软骨细胞线粒体自噬低强度脉冲聚焦超声,膝骨关节炎,线粒体自噬,PGAM5,FUNDC1	线粒体分裂抑制剂1对胶原诱导性关节炎小鼠疾病进展的抑制作用和机制线粒体分裂抑制剂-1;胶原诱导性关节炎;免疫组化染色
餐饮行业营改增问题	"餐饮业""营改增""后的影响及对策研究餐饮业,营改增,影响,对策"	对餐饮业“营改增”的思考营改增,餐饮业,政策建议
乳腺结节良恶性	BI-RADS超声分级与高频彩色多普勒超声评分诊断乳腺良恶性病变的应用价值乳腺疾病,超声检查,多普勒,彩色,诊断	超声造影在乳腺癌早期诊断中的临床应用超声检查,微气泡,乳腺肿瘤,早期诊断
抑郁的影响因素	青少年抑郁的影响因素及干预手段青少年抑郁;影响因素;干预	高龄产妇产后抑郁的影响因素分析高龄产妇,产后,抑郁,影响因素
人口老龄化产业结构	陕西省人口老龄化与产业结构升级的互动关系研究人口老龄化;产业结构升级;VAR模型;顶部老龄化	人口老龄化、健康投资与产业结构升级——基于1999-2018年省级面板数据的实证分析人口老龄化,健康投资,产业结构升级
5E教学模式	5E教学模式在地理实验教学中的应用 ——以河流地貌模拟实验为例5E教学模式,河流地貌发育,探究实验	5E教学模式在Python程序语言教学中的探索程序语言教学;5E教学模式;学习兴趣
脑出血治疗	分析急诊内科治疗突发性脑出血的临床疗效脑出血,内科,急救,急诊	阿加曲班在脑出血治疗中的研究进展阿加曲班,凝血酶,脑出血,脑水肿,继发性损伤
泊马度胺	治疗卡波西肉瘤口服药物——泊马度胺泊马度胺,卡波西肉瘤相关疱疹病毒,卡波西肉瘤	西达苯胺联合抗骨髓瘤药物对骨髓瘤细胞的增殖及凋亡的影响西达苯胺;多发性骨髓瘤;细胞凋亡
庞庄水库	太谷县庞庄水库橡胶坝设计综述橡胶坝,设计,庞庄水库	庞庄水库除险加固二期工程大坝坝型方案比较水库,大坝,坝型
(肝癌 治疗进展) Date:2015-*	原发性肝癌综合治疗进展肝肿瘤,综合疗法,综述	原发性肝癌发生机制及其治疗的研究进展原发性肝癌,机制,诊断,分期,治疗
((空间数据库) ) Date:2015-2021	基于机器学习的线性回归预测数据库空间使用情况的应用研究机器学习,线性回归预测,数据库,空间使用情况	关于空间数据库索引技术的研究空间数据库,索引技术,地理信息系统
中国科学院植物研究所 李敏	植物模式标本的考证与数字化:以中国国家植物标本馆为例中国科学院植物研究所国家植物标本馆,分类学,模式标本,模式标本数字化	1981-2015年神农架林区森林生态系统净初级生产力估算神农架林区,森林生态系统,净初级生产力(NPP),CEVSA2模型,气候因子
赤芍的化学成分	赤芍的药理作用研究进展赤芍,化学成分,药理作用	UPLC-Q-Trip-MS/MS法测定赤芍中4种成分的含量赤芍,芍药苷,没食子酸,儿茶素,苯甲酸,定量分析,检测
小学数学运算能力的提升	小学数学运算能力的提升方式探析小学数学,运算能力,提升方式	核心素养下小学数学运算能力的提升策略核心素养,小学数学,运算素养
止痛 网络药理学	基于网络药理学方法的元胡止痛滴丸治疗原发性痛经的配伍合理性分析网络药理学,元胡止痛滴丸,原发性痛经,配伍,合理性	基于数据挖掘和网络药理学类风湿关节炎湿热痹阻型用药规律和作用机制分析中医传承辅助平台;网络药理学;类风湿关节炎;湿热痹阻;关联规则;聚类分析;信号通路
产妇泌乳不足	穴位按摩联合补益气血膳食干预对产后缺乳产妇乳汁分泌促进的影响产后缺乳;穴位按摩;补益气血;膳食干预;乳汁分泌;母乳喂养	中医药促进剖宫产术后泌乳临床观察剖宫产术后,中药汤剂,乳房按摩,泌乳,中医药疗法
马尔可夫 多阶段 可靠性	基于PMS理论的常规潜艇任务可靠性研究任务可靠性,多阶段任务系统,马尔可夫过程,常规潜艇	地球同步轨道卫星多阶段任务可靠性建模地球同步轨道卫星,多阶段任务系统(PMS),二元决策图(BDD),马尔可夫模型,任务剖面,模块化建模,可靠性
小团圆媳妇	试论萧红《呼兰河传》中农村封建礼教对人性的迫害 ——以小团圆媳妇形象为例孩童,纯真天性,媳妇形象,女性悲剧,女性意识	“5W”模式视域下《呼兰河传》传播研究——以“小团圆媳妇之死”为例呼兰河传,封建礼教,5W模式
乳牙活髓保存	新型生物陶瓷材料在儿童牙髓治疗中的临床研究进展牙,乳,牙列,恒,生物陶瓷,活髓保存治疗,血运重建	金属预成冠对乳磨牙大面积龋病儿童活髓保存后的修复效果评价活髓保存,金属预成冠,乳牙龋齿,临床疗效,美容效果
故宫淘宝	浅析文创产品的新媒体营销模式 ——以故宫淘宝为例文化创意产业,故宫淘宝,新媒体微博	故宫淘宝的网络营销策略研究故宫淘宝,网络营销策略,文创产品
荧光PCR	基于TaqMan探针荧光PCR检测致泻性大肠埃希氏菌致泻大肠埃希氏菌,荧光PCR,致病因子,检测	非洲猪瘟病毒荧光PCR检测在养殖环节的应用非洲猪瘟;养殖环节;荧光PCR;常见问题;预防措施
内江市  初中教师	浅析思维导图在初中物理实践性教学中的应用思维导图,实践,发散思维	话题教学法在初中英语教学中的运用分析话题教学法,初中英语,教学策略
物流配送中心选址的重心法探讨	基于重心法的物流中心选址问题探讨物流中心选址重心法集对分析	物流配送中心选址决策在井下材料库选址中应用的探讨井下材料库,物流配送中心,选址,重心法,整数规划法
扫地机器人	基于Logistic映射的扫地机器人路径规划设计扫地机器人,路径规划,混沌算法,Logistic映射	智能扫地机器人发展历程及未来趋势智能扫地机器人,现状进展,关键技术,改进措施
环氧乙烷市场	精细化产品推动我国环氧乙烷需求持续增长环氧乙烷,现状与发展趋势,供需分析预测,主要衍生产品市场与应用,风险提示分析	环氧乙烷工艺流程的研究进展环氧乙烷;工艺;催化剂
水利水电工程施工新技术	水利水电工程中地基施工新技术研究水利水电,工程施工,地基施工,新技术研究	"水利水电工程施工中的新技术应用和环境保护分析水利水电工程,新技术应用,环境保护
"
格列齐特联合用药	盐酸二甲双胍缓释片联合磷酸西格列汀片治疗2型糖尿病的临床效果2型糖尿病,盐酸二甲双胍缓释片,磷酸西格列汀片,格列齐特缓释片	"2型糖尿病患者使用口服类降糖药情况的分析2型糖尿病,口服类降糖药,合理用药
"
瓦房店六二六中医医院  李岩	老年人上消化道出血的病因分析及消化内科诊治方法老年患者,上消化道出血,诊治,消化内科	老年人上消化道出血的病因分析及消化内科诊治方法老年患者,上消化道出血,诊治,消化内科
新疆医科大学学报	医学期刊中的零被引论文特征分析——以《新疆医科大学学报》为例零被引,期刊评价,医学期刊	新疆某三甲医院非惩罚性上报制度下护理人员主动上报不良事件的分析新疆,非惩罚性,上报制度,护理人员,不良事件,现况分析
老年跌倒流行病学	老年人视功能损害与跌倒相关性的研究进展老年人,视功能损伤,跌倒,预防	活血化瘀类中药在颈动脉粥样硬化临床治疗中的应用进展颈动脉粥样硬化,活血化瘀,临床治疗
微量营养素	微量营养素对免疫功能影响的研究进展微量营养素,维生素,免疫系统	微量营养素对儿童保健及疾病预防的作用探讨微量营养素,儿童保健,疾病预防,作用
国际工程项目管理的发展	国际工程项目管理的发展趋势与应对策略探讨国际工程,项目管理,市场经济	国际工程项目管理发展新趋势国际工程,项目管理,承包模式,发展趋势
扑热息痛制备	基础实验项目开发——扑热息痛片的制备扑热息痛片,乙酰氨基酚,干淀粉,崩解时限	扑热息痛与β-环糊精包合物的热分解动力学和包合结构的研究扑热息痛,β-环糊精,主-客体相互作用,包合结构
听力障碍 共识	遗传性耳聋基因变异筛查技术专家共识遗传性耳聋,基因变异筛查,专家共识	武汉市新生儿听力与耳聋基因联合筛查模式的建立联合筛查,耳聋基因,听力筛查
宪法 人民主权	论宪法的人民主权原则宪法,人民主权,原则	西方宪政思想中的人民主权与限权政府--美国宪法价值目标和宪政模式赖以设计的理论基础人民主权,限权政府,洛克
((银行业) 关键词:并购 ) 关键词:中国	银行规模、并购经验与银行绩效并购经验,银行绩效,曼奎斯特指数,银行规模	"试议财务人员境外并购中的角色定位财务,并购,角色定位
"
软体夹持器	基于树蛙脚掌湿黏附的仿生手术夹钳表面研究树蛙,仿生表面,液膜均匀碎化,湿摩擦,手术夹钳	一种气动软体手爪熔模铸造工艺研究气动,软体手爪,制造工艺,熔模铸造
企业财务风险控制分析	试分析企业财务管理风险控制之人性化管理企业,财务管理,风险控制,人性化管理	试分析企业财务管理风险控制之人性化管理企业,财务管理,风险控制,人性化管理
(毛泽东经济) Date:1990-2021	毛泽东经济发展思想探析毛泽东,经济,发展,社会主义建设	毛泽东对新中国中央与地方经济关系的探索毛泽东,中央与地方,经济关系
纳米 硅铝凝胶	新型纳米双孔硅铝分子筛的溶胶——凝胶法合成及表征纳米硅铝分子筛,双孔,溶 胶-凝胶	添加三甲基乙氧基硅烷制备耐高温硅/铝复合气凝胶硅/铝复合气凝胶,三甲基乙氧基硅烷,耐高温,高比表面积
居民饮酒行为	辽宁省七地区居民饮酒现状及与慢性病关系研究饮酒,高血压,Logistic模型	北京市海淀区居民饮酒行为流行病学调查居民,饮酒行为,流行病学调查
本杰明巴顿奇事	"""奇事""背后的生死与永恒——浅析美国电影《本杰明·巴顿奇事》《本杰明·巴顿奇事》,大卫·芬奇,生与死,电影视觉语言"	如何讲好一个爱情故事——以影片《本杰明·巴顿奇事》为例分析《本杰明·巴顿奇事》,影像,叙事结构,叙事节奏,典型意象
miRNA 纤维化	miRNA-223-3p在冠心病合并心肌纤维化中的变化及临床意义冠心病;心肌纤维化;miRNA-223-3p;受试者工作曲线;危险因素	miRNA-33a对马拉松跑导致心肌纤维化的调控作用miRNA-33a,马拉松,心肌纤维化,心脏成纤维细胞
涡流制动	一种紧凑型电磁涡流制动装置设计结构紧凑,电磁涡流制动装置,结构设计	基于电磁场形态调整的涡流制动效能分析列车制动,磁悬浮,线性涡流制动,脉冲电流
气体开关	100 kV 重频气体开关初步研究及应用气体开关,重复频率,Marx 发生器,多脉冲	喷射等离子体触发气体开关导通特性喷射等离子体,气体开关,间隙距离,工作系数范围,导通特性
炼化行业市场	中国石化产业发展分析与思考石化产业,市场消费峰值,多元化竞争,化工市场	油气行业上游公司应对长期低油价挑战的思考油气行业上游,低油价,降本增效,转型升级
多糖 DSC	两种水溶性大豆多糖的热性质分析水溶性大豆多糖,热重,差示扫描量热法	沙蒿子多糖的阳离子化改性研究沙蒿子多糖,阳离子化,冷水溶解性,透光率
我国服装企业国际化	我国运动装市场现状及发展前景分析运动装,市场现状,发展前景	国际冰雪专利技术领域的竞争情报分析冰雪,专利技术,竞争情报,专利权人,计量分析,知识图谱,可视化
农业现状	我国智慧农业的发展现状、路径与对策建议智慧农业;信息化;农业全产业链;发展现状;战略路径	贵州贵阳国家农业科技园区的发展现状及建议国家级;农业科技园区;发展现状;贵阳;贵州
中美新能源贸易问题研究	中美新能源产业贸易摩擦问题探究-以太阳能光伏电池双反案为例中美,新能源,太阳能光伏电池,双反	中美新能源贸易摩擦问题评析新能源产业,中美贸易摩擦,301调查,问题评析
蜜蜡鉴定	蜜蜡的肉眼鉴定研究蜜蜡,珠宝鉴定,塑料仿蜜蜡,肉眼鉴定	基于MALDI-TOF-MS质谱技术对蜂蜜中芽孢杆菌的鉴定与分型基质辅助激光解析-电脑飞行时间质谱,芽孢杆菌,鉴定分析
作者:林华强	扩大乙状窦后入路的显微外科解剖学研究扩大乙状窦后入路,病灶,桥小脑角,尸体解剖	氟哌噻吨美利曲辛联合雷贝拉唑治疗反流性食管炎的临床研究反流性食管炎,氟哌噻吨美利曲辛,抑郁,焦虑
空间目标识别	空间非合作目标航天器太阳帆板识别方法研究非合作目标;位姿测量;太阳帆板;目标检测;特征提取	基于HSV颜色空间的运动目标识别运动目标跟踪,感兴趣区域,图像分类,特征检测,HSV颜色空间
预防胆囊结石并发症的护理	腹腔镜下手术治疗胆囊结石的系统护理干预及应用意义探究腹腔镜手术,胆囊结石,系统护理,应用价值	胆囊结石患者术后并发症的影响因素分析及预警性护理胆囊结石,术后并发症,归因分析,预警性护理
生物质沼气发电	生物质沼气工程发展现状分析生物质沼气,产业规模,应用领域,商业模式,补贴政策,主流技术	我国秸秆资源开发利用综述生物质资源,秸秆资源,开发利用,中国
无线电能传输技术的案例	电力电子实训案例:感应耦合无线电能传输系统电力电子,实训,无线电能传输	基于单片机的无线充电自启动系统设计无线充电,DC-DC转换,MSP430F5529,超级电容,自启动,低功耗
根结线虫 抗病性	香蕉品种对根结线虫病的抗性鉴定抗病虫害育种,香蕉根结线虫,香蕉,抗性鉴定	不同砧木嫁接对黄瓜抗病性及主要经济性状的影响黄瓜,嫁接砧木,抗病性,经济性状
(石油价格) Date:2019-2021	1986年石油价格战及其对当前市场的启示1986年价格战,石油减产,沙特阿拉伯,欧佩克,减产协议	"浅析石油价格下跌对我国复合肥行业的影响复合肥,石油价格,原料成本,流通成本,市场需求
"
诈骗罪 处分意识	偷换商户支付二维码侵犯商户应收款的犯罪定性偷换二维码,扫码付款,诈骗罪,盗窃罪,侵占罪	诈骗罪之处分行为研究诈骗罪,处分行为,处分意识
耕深控制	微耕机耕深辅助控制系统的设计和试验研究微耕机,耕深,稳定性,辅助控制	基于角度检测的拖拉机悬挂耕深电液监控系统研究拖拉机;电控液压系统;监控;耕深稳定性;倾角传感器
供给侧改革	供给侧结构性改革——适应和引领中国经济新常态供给侧结构性改革,经济新常态,五大政策支柱,“加减乘除”混合运算	论供给侧改革的理论依据和政策选择总供给,总需求,科学技术,人力资本,产业结构
公共图书馆政府信息服务	公共图书馆服务特殊群体的创新路径研究公共图书馆;特殊群体;有效举措;多元化服务	从个人信息世界概念看数字鸿沟及图书馆的作用数字鸿沟,数字包容,信息社会,数字技术,《2030年可持续发展议程》,图书馆,公共图书馆,国际图联
AUV发展现状	智能无人潜水器技术发展研究深海探测,智能无人潜水器,发展趋势,关键技术,基础研究	智能无人潜水器技术发展研究深海探测,智能无人潜水器,发展趋势,关键技术,基础研究
水流 土体塌陷	江西莲花县城区岩溶塌陷发育条件及成因分析岩溶塌陷,发育条件,成因分析,地下水动态变化,莲花县城区	探讨绕坝渗漏原因及措施绕渗,渗流通道,措施
基因编辑概述	基因组编辑技术的研究进展基因组编辑,ZFN,TALEN,CRISPR/Cas	除草剂抗性农作物育种研究进展杂草,除草剂抗性,作物育种,基因编辑,CRISPR/Cas9
((waxd) 关键词:waxd ) 关键词:waxd	聚己内酯在有机/无机杂化体系中的受限结晶行为PCL/SiO2杂化,DSC,WAXD,PCL受限结晶行为	不同PAN-CF的微晶及孔结构对比聚丙烯腈基炭纤维,WAXD,SAXS,微晶,孔
题名:同课异构教师专业发展	同课异构--教师专业发展的一种有效途径同课异构,教学研讨,交流互动,专业素养	"从""同课异构""课中寻找英语教师专业发展的基点 ——在""英华基金""靖远县农村英语教师教学能力提升研讨会上的点评和体会同课异构,英语教师,专业发展"
高速开关阀	多电压复合驱动的高速开关阀性能研究高速开关阀,多电压复合驱动,预加载,动态特性	高速开关阀在汽车EHB系统中的高频PWM控制研究EHB系统,高速开关阀,高频PWM波,比例功能
师幼关系	幼儿园师幼关系类型分布及其与幼儿因素的关系师幼关系,类型分布,幼儿园	如何建立良好的师幼关系师幼关系,个体,交流自主,开放
教育制度创新	高等职业教育学分银行制度建设的路径创新——基于制度变迁理论的视域高等职业教育;学分银行;制度建设;制度变迁;强制性变迁;诱致性变迁	制度自信教育的逻辑、内涵与理论创新制度自信教育;生成逻辑;内涵意蕴;理论创新
美欧联盟	美国印太联盟的网络化:结构—关系的视角联盟网络;印太联盟;印太战略;地缘政治;战略竞争	美欧俄网络安全战略与政策发展趋势研究网络安全;战略;政策
不定积分计算	对不定积分计算方法的思考不定积分计算,困难,分析,常用方法	不定积分计算方法及教法探讨不定积分,计算,教法
((建筑) 题名:建筑 ) 关键词:建筑	建筑节能外墙保温材料防火性能研究建筑节能,外墙保温系统,防火性能	国有建筑企业成熟人才引进与管理浅议国有建筑企业,人才引进,用工改革,管理措施
晚礼服	晚礼服的设计与工艺探究晚礼服,设计,结构,面料,工艺	蝴蝶结在女性晚礼服设计中的应用蝴蝶结,晚礼服,设计,应用
物权变动	论我国的物权变动模式物权变动,法律行为,公示,债权形式主义	论合同无效或被撤销后的拒绝返还抗辩权——基于《民法典》第157条与第525条的解释论合同无效,返还财产,利益失衡,拒绝返还抗辩权
铝 回收工艺	基于互联网+大学生创新创业大赛培养学生工程意识和创新能力——以铝电解炭渣浮选后碳粉中碳回收工艺设计为例铝电解炭渣,碳回收,工艺设计,互联网+	耐酸纳滤膜在含铝盐废酸液处理中的应用耐酸纳滤膜,废酸液,铝离子,工艺条件,截留率,水通量
纳米晶软磁合金应用	纳米晶软磁合金材料及应用纳米晶软磁合金,性能组织,应用	非晶纳米晶软磁合金系列电感材料及器件的开发应用非晶,纳米晶合金,电感,应用
尘肺诊断	高仟伏X线胸片和DR胸片在尘肺病影像诊断中的对比尘肺病,影像诊断,仟伏X线胸片,DR胸片	2006—2018年柳州市尘肺病流行病学调查分析尘肺病,行业分布,发病年龄
有机物在水体中迁移转化	水中天然含氮有机物的形成、迁移转化及分布天然含氮有机物,形成,迁移转化,分布,水环境	"黄河水体中泥沙与污染物迁移转化关系探讨多沙水体,泥沙特性,污染物,迁移转化,黄河
"
关键词:井冈山精神	新时代高职学生弘扬井冈山精神的实现路径探索井冈山精神;新时代;高职	井冈山精神思想政治教育当代价值实现的几个关系探析井冈山精神;思想政治教育;价值实现
颈内动脉次全闭塞 介入	血管内再通治疗对症状性颈内动脉次全闭塞患者认知功能的影响颈动脉,次全闭塞,血管内闭塞开通,脑灌注,认知功能	颅内大动脉慢性闭塞血管内再通的可行性和安全性分析颅内大动脉慢性闭塞,血管内再通,可行性和安全性
"武汉大学人民医院	陶海鹰"	他克莫司后处理对缺血-再灌注脊髓氧化应激损伤的保护作用再灌注损伤,脊髓缺血,氧化性应激,他克莫司蛋白质类	他克莫司后处理对缺血-再灌注脊髓氧化应激损伤的保护作用再灌注损伤,脊髓缺血,氧化性应激,他克莫司蛋白质类
作者单位:云南省生态环境工程评估中心	湖库型水源地富营养状况及土地利用对水质的影响水源地;土地利用;水环境质量;富营养状况	云南省水电开发现状及环境管理初探水电开发,现状,环境管理,矛盾和压力,建议,云南省
早筛意义	健康体检中对慢性阻塞性肺病高危人群早期筛查的意义及研究进展慢性阻塞性肺病;体检;肺功能检查;早期筛查;健康教育	标准化早期胃癌筛查对于青海地区早期胃癌诊治的临床意义胃蛋白酶原类,胃泌素类,标准化早期胃癌筛查,青海地区
慢性阻塞性肺疾病的治疗	慢性阻塞性肺疾病的治疗进展慢性阻塞性肺疾病,治疗,雾化吸入治疗	慢性阻塞性肺疾病的治疗进展慢性阻塞性肺疾病,抗生素,治疗,支气管扩张剂
磁共振黑血血栓成像技术	3D-T1WI-MATRIX技术在下肢深静脉血栓中的应用价值静脉血栓形成,下肢,磁共振成像	磁共振3D-CUBE T1序列在颅内静脉血栓诊断中的价值颅内静脉血栓,磁共振成像,高分辨血管壁成像,黑血序列
代孕，儿童伦理	"""禁代令""下儿童权益的危机与解困之道代孕,地下代孕,跨国代孕,儿童权益"	"人体冷冻胚胎法律属性及处置权问题研究——基于伦理、情理、法理的衡平思考人体冷冻胚胎,法律属性,处置权,有限代孕
"
摘要:黑果花楸	辽东山区黑果花楸的栽培模式辽东山区,黑果花楸,栽培模式	黑果花楸试管苗移栽效果影响因素研究黑果花楸,试管苗,移栽成活率,长势
护理学研究生创新能力和实践能力培养研究	护理学研究生的培养过程、方式的探索护理学,研究生,培养,过程,方式	健康服务与管理专业的教育现状与改革策略健康服务与管理专业,现状,政策,培养模式,策略
减税降费税务风险	减税降费背景下小微企业税务风险规避探讨税务风险,减税降费,小微企业	减税降费对高新技术企业的影响减税降费,高新技术企业,影响,风险,措施
新就业形态劳动者	新就业形态新在何处新就业形态,劳动者,权益保障	新就业形态中非典型雇佣关系影响因素及优化新就业形态,非典型雇佣关系,影响因素,平台企业,互联网经济
反科学实在论	再议科学实在、科学实在论和反实在论科学,本体实在,理论实在,科学实在论,反实在论,哲人科学家	当代科学实在论与反科学实在论论战述评传统科学实在论,反科学实在论,建构经验论,内在实在论
社会环境因素 健康	健康中国背景下社会环境健康指标体系研究健康中国,学生社会环境,健康指标体系	国外老年用户网络健康信息使用行为研究:理论基础、影响因素与未来启示网络健康信息;社会支持;社会参与;健康老龄化;内容分析
(乡村振兴) 关键词:网	互联网+背景下电子商务助推乡村振兴研究互联网+;电子商务;乡村振兴	乡村振兴背景下台州市农户互联网金融行为的影响因素研究乡村振兴,互联网金融,整合型科技接受模型
闭环供应链 定价	基于博弈论的闭环供应链定价策略分析闭环供应链,博弈论,收入费用分享契约,供应链协调	不同CSR分担模式下的闭环供应链销售努力与定价决策闭环供应链,企业社会责任,主导零售商,销售努力,定价决策
电子交叉配血	电子交叉配血的现状和展望交叉配血,血液安全	红细胞血型不规则抗体不同检测方法检测效果比较红细胞;血型不规则抗体;微柱凝胶法;凝聚胺法
存货管理内控	制造企业库存管理问题和对策研究存货管理,制造业,内控	石油企业存货管理的相关研究石油企业,存货管理特点,存货管理策略
作者单位:黔江区 高中历史	浅探高中历史课堂教学的有效性高中历史,课堂现状,教师对策	高中历史教学中培养学生的人文素养高中历史,培养,学生,人文素养
设施园艺问题	我国设施园艺发展存在的问题与对策设施园艺,规划布局,生产技术	探究设施园艺中的土壤生态问题及其清洁生产设施园艺,土壤生态问题,清洁生产
精神分裂症负担	儿童青少年精神分裂症患者家庭疾病负担和病耻感情况研究儿童青少年,精神分裂症,家庭疾病负担,病耻感	2012-2018年重庆市精神分裂症死亡率及早死疾病负担变化趋势精神分裂症,死亡率,疾病负担
西方媒体传播力现状	文化维度下的西方当代新媒体研究综述西方,当代,新媒体研究,梳理	论西方“媒体融合”的现状与启示：一种传播政治经济学视角传播,政治经济学,媒体,融合,概述
读书报告	文科大学生如何写作读书报告大学生,读书报告,撰写思路	现代性分析的学理解读——《社会理论与现代社会学》读书报告现代性,制度性维度,自我认同
学术道德	研究生学术道德规范建设探析研究生;学术规范;学术道德	高校教师学术道德失范原因及策略研究高校教师,学术道德,失范
儿童颅脑损伤	儿童重型颅脑损伤后垂体激素变化及亚低温治疗疗效分析重型颅脑损伤,垂体相关激素,亚低温治疗,儿童	儿童重型创伤性脑损伤的颅内压及脑灌注压治疗阈值研究儿童,重型创伤性脑损伤,颅内压,脑灌注压,治疗阈值
生态文明 法治	构建完善的生态文明法治保障体系习近平法治思想,生态文明法治保障,公众参与,公益诉讼	西藏生态文明建设的法治保障路径西藏生态文明,生态法治,环境保护
知识民主	知识民主与高校科研变革知识民主,学术研究,知识生产,变革	社会主义民主建设研究的知识图谱、聚类分析和拓展空间——基于CNKI核心文献的可视化分析改革开放,中国民主建设,知识图谱,可视化分析
语言能力	评述外语专业学生思维能力的发展语言与思维,外语专业,思维能力	神经网络七十年：回顾与展望类脑智能,神经网络,深度学习,大数据,并行计算,机器学习
沟通在商务谈判中的应用	谈判沟通在实训中的实际应用谈判沟通,实训	基于国际贸易谈判的商务英语应用国际贸易谈判,商务英语,运用策略
滚珠丝杠寿命	机电伺服滚珠丝杠副局部结构疲劳分析研究滚珠丝杠,疲劳寿命,ANSYS	滚珠丝杠副使用寿命预测建模技术研究滚珠丝杠,疲劳损伤,寿命模型,切削实验,数控系统采集
企业会计核算问题及对策	企业会计成本核算的问题及对策研究企业会计;成本核算;现存问题;对策	企业会计成本核算的问题及对策研究企业会计;成本核算;现存问题;对策
(地震) 关键词:管道	埋地管道在地震行波作用下反应综述地震行波,埋地管道,解析方法,数值方法,试验研究	长输油气管道地震监测预警的应用与技术油气管道,地震,监测,预警,实例分析
社会流动	近十年中国近代乡村社会流动研究综述社会流动,社会结构,阶级分化,城市化,社会变迁	我国高等教育与社会流动关系嬗变高等教育,社会分层,社会流动
下颈椎骨折脱位	下颈椎骨折脱位的治疗术式选择骨折脱位,下颈椎,手术,选择	颈性眩晕的病因及其治疗颈性眩晕,病因,治疗
作者:易松国	社会工作认同:一个专业教育需要正视的问题社会工作,专业认同,职业认同	社会工作职业化先行先试:专业教师创办社工机构讨论-大学教师创办社工机构:背景、问题及建议社会工作职业化,大学教师,专业教师,机构,社工,创办,十六届六中全会,社会工作人才
"(吸收式开关) 关键词:""开关"""	嵌入吸收式单刀八掷开关电路嵌入吸收式,匹配电路,寄生参数,单刀八掷开关,表面波	吸收因子对GaAs光导开关输出电压幅值的影响砷化镓光导开关,吸收因子,输出电压幅值
乳腺癌患者肩关节功能	渐进式康复操改善乳腺癌患者术后肩关节活动度的效果研究乳腺癌,根治术,肩关节,活动度	乳腺癌术后早期肩关节功能障碍风险评分系统的构建乳腺癌,肩关节功能障碍,风险评分系统
人工智能安全政策	人工智能发展效应:美国的政策与启示人工智能,发展效应,财税政策,劳动生产率	人工智能时代网络安全的刑法保护——基于网络犯罪AI化为视角网络安全,人工智能,网络犯罪,立法完善,刑事政策
宣和画谱	宫廷收藏对宫廷绘画的影响:宋徽宗的个案研究宋徽宗,宣和画谱,宫廷收藏,临摹,王希孟,宫廷绘画	宣和画谱的编撰与徽宗关系考宣和画谱,宋徽宗,蔡京,神考
作者单位:安徽禹会区	检察机关监督涉及民间借贷虚假诉讼案件实务探讨虚假诉讼,民间借贷,检察监督	YJ17卷烟机供丝系统的优化改进YJ17卷烟机,供丝系统,烟丝,抛丝辊,弹丝辘
NSCLC 小鼠模型	两种小鼠肺癌模型的构建及Micro PET-CT观察原位肺癌,小鼠模型,小动物PET-CT,尾静脉注射,肋间隙注射	131Ⅰ-酪氨酸-奥曲肽对荷人非小细胞肺癌小鼠的抑瘤效果癌,非小细胞肺,肿瘤细胞,培养的,碘放射性同位素,奥曲肽,小鼠
阿司匹林制备	水杨酸-g-壳聚糖衍生物的合成及药效研究水杨酸,壳聚糖,接枝,抗炎,镇痛,胃黏膜刺激性	阿司匹林制备研究进展阿司匹林,催化剂,绿色合成,酯化
情境初中英语	浅谈初中英语听说课中的情境创设初中英语;听说课;情境创设	基于主题意义探究的初中英语阅读教学策略主题意义,初中英语,阅读教学
沼气工程可行性分析	我国大型养殖场沼气工程经济效益分析——以江西泰华牧业科技有限公司为例沼气工程,系统动力学,财务现值分析,经济可行性	秸秆沼气集中供气工程经济可行性实证与模拟分析秸秆沼气,集中供气工程,经济可行性,实证分析,模拟分析
控制策略 车 混动	插电式混合动力汽车控制策略与建模插电式混合动力汽车,建模,能量管理,控制策略	储能式有轨电车混合动力系统及其控制策略混合动力,超级电容,电池,储能式无接触网有轨电车,自动控制
作者:何静	高校校园暴力事件中思想政治教育的归因研究校园暴力,要素,对策	互联网众筹融资模式的法律风险及规制路径初探众筹融资模式,法律风险,规制路径
新型冠状病毒检测	新型冠状病毒(SARS-CoV-2)快速诊断技术的研究现状新型冠状病毒(SARS-CoV-2),新型冠状病毒肺炎(COVID-19),诊断技术,核酸检测,免疫测定,生物传感器,质谱检测	新型冠状病毒核衣壳蛋白单克隆抗体的制备及鉴定新型冠状病毒;单克隆抗体;核衣壳蛋白
制动器温度	基于ANSYS的盘式制动器热力学研究制动器;热衰退;ANSYS;散热	双金属鼓式制动器高温工况的试验与仿真汽车安全;双金属鼓式制动器;高温工况;动态应变;动态温度;有限元(FE)软件
螺栓成型方法	复合材料螺栓发展概况复合材料,螺栓,拉挤成型法,模压成型法,注塑成型法,编织-加压浸渍成型法	提高钢结构地脚螺栓安装精度的工艺探讨地脚螺栓,高精度,成型模具,成品保护
资本外逃	透析我国资本外逃的渠道资本外逃,经常项目,资本与金融项目,地下钱庄	透析我国资本外逃的渠道资本外逃,经常项目,资本与金融项目,地下钱庄
量词隐喻	"传媒新词""季""作量词的认知隐喻基础季,量词,认知,隐喻,延续性,独立性,容量性,可能规范"	"浅析量词""枚""的形成及其认知语义特点量词,""枚"",语法化,范畴化,隐喻"
紧固件制造	轨道车辆紧固件配套选用的探讨紧固件;属性;匹配规则;配套	基于MBD和KBE的卫星单机模型紧固件自动装配研究单机MBD模型,知识工程,紧固件,自动装配
基督教中国化	我国基督教中国化问题研究基督教,中国化,概念内涵,历史经验,对策措施	基督教中国化的神学思考与实践基督教中国化,和合本,神学,中国文化
外包理论综述	2004年以来我国人力资源管理外包理论研究综述人力资源管理,外包,综述	新-新贸易理论文献综述新-新贸易理论,企业异质性,出口贸易,对外直接投资,外包
跨国并购 财务风险	基于协同效应的海外并购绩效研究--以吉利汽车并购沃尔沃为例投资绩效,协同效应,经济增加值,并购	我国企业跨国并购的动因及风险对策研究跨国并购,并购动因,并购风险,风险防范
"作者:""周国华"" 作者单位:""西南交通大学"""	具有宽范围输入和高效率的改进型LLC谐振变换器LLC谐振变换器,移相控制,宽范围电压输入,定频控制,状态平面轨迹,混合模式,软开关	一种单电容集中式均衡电路电池均衡,Buck-Boost,单电容,均衡速度,控制策略
悬索桥	空间异形索面悬索桥主缆成桥线形计算方法悬索桥,空间异形索面,主缆,线形,分段悬链线理论,MATLAB,分析程序	"悬索桥主缆内部通干空气除湿系统送气压力损失悬索桥主缆,新型除湿系统,压力损失,送气管道,阻力系数,送气压力
"
SAR图像配准	一种基于局部不变特征的SAR图像配准新算法成孔径雷达图像(SAR),局部不变特征,FAST检测子,DAISY描述子,图像配准	一种基于改进SIFT的SAR图像配准算法SAR图像配准,SIFT,改进的旋转不变纹理特征,典型相关分析,随机抽样一致性算法
变式教学在初中数学课堂教学	变式教学在初中数学教学中的应用研究变式教学;初中数学;课堂教学	初中数学在线翻转课堂教学模式探究初中数学;翻转课堂;教学模式
医院污水检测	医院消毒效果监测对预防和控制院内感染的影响医院消毒;消毒监测法;院内感染	"医院污水处理中ClO2 检测方法的改进研究R5法,ClO2 Cl2 ClO2-ClO3-,医院污水
"
Petri网技术及其应用	基于Petri网的应用软件开发及其关键技术Petri网,PNML,PNAE	Petri网并分解技术及其应用研究Petri网,化简,并分解,建模
食品 功能	复方桑黄口服液粗多糖对小鼠免疫功能的影响桑黄,复方桑黄口服液,粗多糖,小鼠,免疫功能	大花葵花色苷抑菌功能研究大花葵,花色苷,抑菌活性,功能
作者:袁勇贵	东莨菪碱快速抗抑郁的研究进展抑郁症,东莨菪碱	东莨菪碱快速抗抑郁的研究进展抑郁症,东莨菪碱
设计与生活	视觉传达设计与生活形态关联研究视觉传达设计,生活形态,魅力	浅析建筑环境设计与生活空间的关系建筑环境设计,生活空间,关系分析
一氧化碳中毒流行病学	黑龙江省2010-2019年非职业性一氧化碳中毒事件流行病学分析非职业性中毒,流行病学特征,一氧化碳中毒	2015-2018年上海市浦东新区非职业性一氧化碳中毒流行病学分析非职业性一氧化碳中毒,流行病学特征,气象因素
作者:祁亮	胃癌脑转移1例并文献复习胃癌,脑转移,放疗,赫赛汀	北京市东城区5岁以下婴幼儿病毒性腹泻病原学研究5岁以下婴幼儿,病毒性腹泻,病原学
法学 语义分析方法	法学方法论的困境与出路——论最小损害原则疑难案件,法学方法,法律教义学体系,最小损害原则	后现代法学对海商法的方法论意义论略后现代法学,海商法,方法论
万科地产发展现状	万科集团资本结构优化的对策研究资本结构,房地产业,资本结构优化	建筑工程中土建施工技术的现状及其要点探究建筑工程,土建施工技术,现状,要点
非营利组织财务管理问题研究	浅谈慈善组织财务管理的问题及对策慈善组织,财务管理,内部控制	浅析非营利组织全面预算管理及对策非营利组织,财务管理,预算管理
rcep中日	基于RCEP推动中日经贸合作的新思考RCEP;中日经贸合作;国际经贸规则;贸易;投资	RCEP与中日韩自贸区构建中日韩自贸区;区域全面经济伙伴关系协定;经济全球化
血管性痴呆  综述	血管性痴呆的临床研究进展血管性痴呆;西医;中医药;针灸	动脉粥样硬化与血管性认知障碍的相关性研究进展动脉粥样硬化;血管性痴呆;认知障碍
妊娠期高血压患者护理	综合护理在妊娠期合并高血压患者中的价值及对负面情绪的影响分析综合护理;妊娠期合并高血压;负面情绪	优质护理干预对妊娠期高血压综合征患者的影响妊娠期高血压综合征;产科;优质护理
出行信息行为	朋友圈信息交互对个体出行决策行为的影响研究城市交通,出行决策,实验研究,朋友圈信息交互,系统最优	路况信息发布时出行者有限理性路径选择行为及建模研究交通工程,有限理性模型,路径选择试验,实时路况信息
教育实习后的专业认同变化研究	教育实习对学前教育本科生职业选择的影响教育实习,学前教育本科生,职业选择,质性研究	加强职业认同教育提高口腔医学技术专业学生对口就业率的对策研究与实践口腔医学技术,义齿行业,职业认同,对口就业率,对策
(抗乳腺癌药物) Date:2016-2021	间充质干细胞膜仿生纳米药物制备及抗乳腺癌实验研究间充质干细胞膜,仿生,纳米药物,阿霉素,乳腺癌	抗体偶联药物在乳腺癌治疗中的研究进展乳腺癌;抗体偶联药物;T-DM1;DS-8201;IMMU-132
生态文明矿业	新时代生态文明矿山建设管理体系构建与实践生态文明矿山;管理体系	新时期国土空间矿山生态修复规划研究:以南宁市为例生态文明;废弃矿山;国土空间生态修复;城市生态规划;系统治理
机构投资者公司治理	上市公司股票机构投资者羊群行为的经济效应研究机构投资者,羊群行为,企业经济绩效,LSV模型	公司治理异质性与商业银行风险约束效率股权结构,投资者异质性,效率优化
青年使命	"""五四精神""下的青年使命与担当作为""五四精神"",青年使命,担当作为"	新时代背景下青年创业的时代使命及推进路径新时代,青年创业,时代使命,推进路径
作者:朱良	页岩气开发管理模式探讨页岩气,开发管理,现状分析,特性研究,模式探讨	关于应用区块链助力吉林省中小微企业融资的研究区块链;中小微企业;供应链金融
关键词:莎士比亚 悲剧 人文主义	再论哈姆莱特并非人文主义者哈姆莱特,人文主义,人文主义者,戏剧文本分析	莎士比亚历史剧中的历史观莎士比亚,历史剧,历史观,人文主义
红细胞分布宽度 胃癌	胃癌患者手术前后红细胞分布宽度的差异及对预后的判断价值胃癌;红细胞分布宽度;总体生存期;无病生存期	胃癌患者血常规和血生化指标的变化及相关肿瘤标志物在胃癌诊断中的价值胃癌,糖类抗原,中性粒细胞与淋巴细胞比值
网络意见领袖对大学生	新媒体视域网络意见领袖对大学生影响的现状与对策研究 ——以广东某大学为例新媒体,网络意见领袖,大学生,实证分析,对策	高校网络舆情中“意见领袖”对大学生的影响及引导网络舆情,意见领袖,大学生,影响,引导
介电弹性材料	炭黑/硅橡胶介电弹性体复合材料的制备研究硅橡胶,炭黑,介电弹性体,介电性能,模量	频率对VHB4910介电弹性体材料介电性能的影响介电弹性材料,介电常数,Cole-Cole,VHB4910,频率
烧伤护理中人文关怀的应用效果	烧伤护理中人文关怀的应用效果探讨烧伤护理,人文关怀,应用效果	人文关怀护理在面部烧伤患者治疗中的应用及效果人文关怀,面部烧伤,护理,治疗
PE模型	基于PE模型的电波传播特性预测技术研究PE模型,电波传播,传播仰角,传输损耗	"基于PE模型的电波传播特性预测技术研究PE模型,电波传播,传播仰角,传输损耗
"
小学数学作业设计	提高小学数学作业设计有效性探讨小学数学;作业设计;有效性	小学数学作业设计的主要问题及改进路径作业设计;数学;主要问题;改进路径;小学生
驳马克思过时论	对改革开放四十年以来一些歪曲马克思主义的主要错误思潮的驳析改革开放四十年,马克思主义,错误思潮,驳析	伊格尔顿自然生态观及其实践意义伊格尔顿,自然生态观,实践意义
作者:刘克娇	探讨不同剂量米非司酮治疗子宫肌瘤的临床效果及不良反应子宫肌瘤;米非司酮;不同剂量;不良反应;临床效果	"探讨不同剂量米非司酮治疗子宫肌瘤的临床效果及不良反应子宫肌瘤;米非司酮;不同剂量;不良反应;临床效果
"
作者单位:淮南 初中语文	初中语文课堂教学中微课的运用实践探讨初中语文,课堂教学,微课教学	基于初中语文“自读文”教学浅探初中语文;自读篇目;教学方法
光盘存储技术	高校图书馆随书光盘云存储服务模式研究云储存,随书光盘,高校图书馆,系统前言	DNA信息存储:生命系统与信息系统的桥梁合成生物学;数字信息存储;DNA合成;DNA测序;信息编码
"关键词:""交互设计"""	情感记忆在交互设计中的价值与应用情感记忆,交互设计,直觉化交互,自然感知,情感满足	"基于Unity3D的虚拟漫游系统虚拟现实,unity3D,漫游系统,虚拟校园,交互设计
"
脓毒症脑病	脓毒症相关性脑病:现状与展望脓毒症;脓毒症相关性脑病	CXC趋化因子受体2(CXCR2)参与脓毒症脑病小鼠脑内皮细胞激活并介导中性粒细胞迁移脓毒症脑病,脑内皮细胞激活,中性粒细胞,CXC趋化因子受体2(CXCR2)
维生素D3软胶囊	反相高效液相色谱(RP-HPLC)系统分析维生素D3软胶囊(油性基质)异构体,油性基质,保留行为,反相高效液相色谱(RP-HPLC),维生素D3,软胶囊	二维液相色谱法测定维生素D2软胶囊中速甾醇的含量二维液相色谱法,速甾醇,维生素D2软胶囊,主成分自身对照法
(我国食品工业发展现状) 关键词:食品	我国食品安全风险评估现状分析食品安全;风险评估;发展现状;对策	我国食品质量安全管理现状及优化措施食品质量安全,管理现状,问题,改进,优化
高能点火	稀薄燃烧结合高能点火对高压缩比汽油机小负荷工况燃油经济性的影响稀薄燃烧;高能点火;高压缩比;燃油经济性;数值模拟	高能点火对汽油发动机燃烧稳定性的影响分析高能量点火,燃烧稳定性,冷起动,燃烧速率,循环变动
根瘤菌发酵	根瘤菌胞外多糖的分离纯化及组分分析根瘤菌,胞外多糖,分离纯化,组分分析	根瘤菌多糖的发酵优化及抗肿瘤活性根瘤菌,胞外多糖,培养基优化,体外实验,抗肿瘤活性
(压力性溃疡) Date:2018-*	手术患者发生压疮的手术室相关危险因素分析及护理策略压力性溃疡,手术室护理,危险因素	幽门螺杆菌胃炎的诊断与治疗胃炎,幽门螺杆菌,国际疾病分类法,ICD-11,诊断,治疗
间充质干细胞治疗支气管肺发育不良	脐带间充质干细胞移植防治早产儿支气管肺发育不良的临床研究脐带间充质干细胞,移植,早产儿支气管肺发育不良,防治	间充质干细胞治疗支气管肺发育不良的研究进展间充质干细胞,支气管肺发育不良,抗炎,再生修复,旁分泌
高校发展战略规划	地方高校发展战略规划的有效性及影响因素探析地方高校,发展战略规划,有效性	高校发展战略规划面临的问题及对策探析高校,战略规划,问题,对策
子宫肌瘤 垂体后叶素	在腹腔镜子宫肌瘤剔除术中使用不同剂量的垂体后叶素联合缩宫素对患者进行止血治疗的效果对比垂体后叶素;缩宫素;腹腔镜子宫肌瘤剔除术;心率;收缩压	垂体后叶素在腹腔镜下子宫肌瘤剔除术中的止血效果和可行性垂体后叶素,腹腔镜,子宫肌瘤剔除术,应用效果
颅咽管瘤免疫组化	钙网膜蛋白在成釉细胞型颅咽管瘤钙化形成中的作用和机制研究钙网膜蛋白,成釉细胞型颅咽管瘤,钙化	颅咽管瘤组织炎症和CD45表达及意义颅咽管瘤,组织炎症,白细胞共同抗原
行政 财务决策	行政事业单位财务共享服务模式构建策略行政事业单位,财务共享服务模式,内部控制	夯基础抓细节多举措提高国有资产报告质量国有资产报告,责任意识,数据质量,信息应用
猕猴桃加工	软枣猕猴桃酒酿造研究进展软枣猕猴桃果酒;生产工艺;品质评价	利口猕猴桃酒加工技术猕猴桃,利口酒,发酵,蒸馏,猕猴桃果酒
溴化锂吸收式热泵	双效溴化锂吸收式热泵余热回收系统数值模拟研究余热回收,吸收式热泵,数值模拟,性能系数	ASPEN模拟参数变化对吸收式热泵性能的影响油田污水;余热回收;吸收式溴化锂热泵;热泵性能系数
南昌大学新闻与传播学院	移动传播范式下用户主导型知识协作的运作与思考社交媒体;用户主导;知识协同;共契	21世纪以来台湾地区新闻传播学研究管窥——基于《新闻学研究》的文本分析台湾地区;新闻传播学;内容分析;研究状况
网络游戏 治理	青少年网络成瘾对亲子冲突的影响:认知偏差的中介作用网络成瘾;认知偏差;亲子冲突	沉迷网络游戏对青少年犯罪的影响及对策研究青少年犯罪;网络游戏;社会治理
作者单位:桂林市乐群小学	让学生顺利实现由读到写的迁移——以《母鸡》一文的教学为例读,写,文本内容,写作手法,《母鸡》	让学生顺利实现由读到写的迁移——以《母鸡》一文的教学为例读,写,文本内容,写作手法,《母鸡》
过敏性结肠炎	儿童过敏性结肠炎33例诊治分析过敏性结肠炎,儿童,内窥镜,治疗	冬病夏治穴位贴敷的临证应用研究冬病夏治,穴位贴敷,临床应用,研究进展
车货匹配	区块链技术在车货匹配平台上的应用车货匹配平台,监管机制,区块链技术,信任度	公路整车货物运输车货匹配优化公路运输,整车运输,车货匹配,双边匹配,优化模型
阿不力米提·买买提	腰大池引流术在结核重症病房的应用持续腰大池引流,脑脊液,结核性脑膜炎	单侧全膝人工关节置换术后引流选择的随机对照研究关节成形术,置换,膝,引流术,前瞻性研究
脑卒中康复指南	早期康复护理干预对脑卒中偏瘫患者肢体功能及生活质量的影响脑卒中偏瘫,早期康复护理,肢体功能,生活质量	早期康复护理干预对脑卒中偏瘫患者肢体功能及生活质量的影响脑卒中偏瘫,早期康复护理,肢体功能,生活质量
关键词:驴皮记	巴尔扎克小说中的浪漫主义倾向巴尔扎克,浪漫主义,神秘主义	"《驴皮记》中运动与静止的二元对立《驴皮记》,运动,静止
"
原始艺术线的运用	"东方绘画艺术的美学特征东方绘画艺术,延迟模仿,正面律,象征性,""线的艺术"""	论线在东西方绘画中的运用线,东西方绘画,运用,造型,效果
作者:方师师	TikTok上的媒体圈子:自由、混合与固化TikTok,媒体倾向,记者账号,社会化内容生产,政治传播	搜索引擎中的新闻呈现:从新闻等级到千人千搜搜索引擎,新闻等级,搜索引擎优化,千人千搜,社会意义
杜仲胶弹性体	天然杜仲胶的环氧化改性杜仲胶,环氧化改性,溶液法,甲酸,环氧度,熔融-结晶行为	环氧化杜仲胶增韧改性聚乳酸的性能聚乳酸,环氧化杜仲胶,增韧改性,热性能,力学性能,微观形貌
多晶  分子动力学	纳米多晶铜单点金刚石切削亚表层损伤机理多晶铜,纳米切削,晶界,亚表层损伤,位错缺陷演化	微观尺度下晶粒尺寸和冷却速率对多晶NiTi合金相变温度的影响形状记忆合金,相变温度,冷却速率,分子动力学
并网逆变器不对称故障	微网逆变器VSG离并网切换及故障处理微网,虚拟同步发电机,预同步,无缝切换,多机并联	三相四桥臂逆变器不对称故障穿越限流控制及电网电压支撑改进策略不对称故障,三相四桥臂逆变器,限流控制,改进无功注入曲线,电网电压支撑,功率波动抑制
南方暴雪	2008年雪灾与自然灾害预警机制的建立雪灾,抵御能力,预警机制	公共危机的财政应急机制探讨公共危机,公共财政,应急反应机制
美国警察枪击	暴恐背景下警察防卫权研究——以“弗格森枪击案”为视角弗格森枪击案,暴恐,警察防卫权	暴恐背景下警察防卫权研究——以“弗格森骚乱”为视角弗格森枪击案,暴恐,警察防卫权
开花基因FT	植物开花时间的遗传调控通路研究进展开花基因,开花时间,适合度,遗传调控,遗传通路	基于转录组的金花茶PEBP基因家族的鉴定及分析PEBP基因家族;金花茶;保守基序;进化分析;表达量分析
烘焙创业	"大学生创业教育""个性""私家烘培产品微信平台实践研究大学生,创业教育,私家烘焙产品,微信平台"	“烘焙食品加工技术”探究性课堂教学模式实践烘焙食品加工技术,探究性教学,实践,建议
((二氢槲皮素) 关键词:提取 ) Date:1980-2018	落叶松中二氢槲皮素的提取及鉴定二氢槲皮素,落叶松,萃取,鉴定	落叶松中二氢槲皮素的提取及稳定性二氢槲皮素,落叶松,提取工艺,稳定性
退休工伤	关于退休返聘人员工伤认定的问题研究退休返聘,工伤认定,劳动关系,劳务关系	超龄农民工工伤认定分歧及其制度应对超龄农民工,法定退休年龄,劳动关系,工伤保险
供应链风险	基干供应链视角的食品安全风险研究述怦食品安全,食品安全风险,供应链	供应链风险因素的识别与防范探析供应链,风险因素,防范策略
题名:作业成本 病种	基于作业成本法的PIVAS项目成本核算应用探讨作业成本法,作业模型,间接成本分摊,PIVAS	基于作业成本法的病种成本核算模型研究进展综述作业成本法;病种成本;核算模型;综述
民族文化幼儿园课程建设	论民族地区幼儿园课程文化创新:特征、制约因素与策略幼儿园课程文化,价值引导力,民族文化传承	多元民族文化教育视野下少数民族地区幼儿园课程现状浅析--基于课程创生理念引发的思考多元文化教育,幼儿课程,课程创生
翻译策略	翻译美学在广告中的应用策略翻译,广告语言,美学,语意	从文化视角探索中英翻译策略文化视角;翻译;翻译策略
双碳经济	"""双碳""目标下推动经济社会发展绿色低碳转型的挑战和路径碳达峰,碳中和,合生自组织,双替代,双脱钩,清洁能源,绿色可持续"	推动LNG在交通领域高质量发展的策略——以成渝地区双城经济圈为例天然气汽车;用气生态链;商业生态系统;市场培育;天然气行业高质量发展示范区;成渝地区双城经济圈
武汉中小学生体质	1985-2014年武汉市城乡中小学生身体素质差异的变化趋势儿童,青少年,学生/生长和发育,身体素质	能量平衡相关行为在中小学生睡眠和肥胖之间的中介效应分析肥胖,睡眠,能量平衡相关行为,中介效应
汽车尾气	汽车尾气中NOx污染物催化脱除机理研究汽车尾气;NOx污染物;铈基催化剂;催化脱除	拉萨市机动车尾气排放因子研究机动车,尾气排放,实测,拉萨市
DCDC转换器	一种用于DCDC的软启动电路DCDC转换器,软启动,浪涌电流,过冲电压	基于伪PLL的DCDC转换器自适应斜坡补偿电路斜坡补偿,伪PLL,时钟同步,DCDC转换器
杨起群   桂林师范高等专科学校	农村小学全科教师定向培养师范生师德养成平台搭建——以桂林师范高等专科学校为例师德,小学全科教师,免费师范生	谈小学生创造性思维能力的培养数学教学,培养,创造性思维,能力
电场强化传热	外加电场对弱导电工质管外沸腾传热强化的实验研究强化传热,沸腾传热,弱导电工质,电场	电场强化微槽道结构蒸发器传热特性的实验研究电动力学,微槽道,蒸发/ 沸腾,强化换热
微生物在啤酒发酵中的控制	关于控制啤酒乙醛含量的研究进展啤酒,乙醛,风味改良,代谢工程	啤酒酿造过程中微生物控制研究啤酒,酿造,微生物,控制
岗位胜任力模型构建	护士个案管理师岗位胜任力模型构建的质性研究护士个案管理师,高级实践护士,个案管理,岗位胜任力,质性研究	年轻临床医师岗位胜任力模型构建探析卓越医师,核心能力,岗位胜任力,模型
共产党宣言社会发展当代价值	《共产党宣言》的理论及其当代价值《共产党宣言》,无产阶级政党	马克思的世界历史思想及其当代价值——以《1844年经济学哲学手稿》《德意志意识形态》《共产党宣言》为例世界历史,《共产党宣言》,全球化
苦参软膏	萎缩性阴道炎应用乳酸菌阴道胶囊联合苦参软膏治疗的临床效果研究萎缩性阴道炎,乳酸菌阴道胶囊,苦参软膏	复方苦参软膏的制备及其治疗兔疥螨病疗效观察复方苦参软膏,兔,疥螨
第三利润源	物流企业可持续发展与经济景气程度的相关性研究:基于企业生命周期视角经济景气程度,企业生命周期,物流企业,经济周期,可持续发展	集装箱多式联运物流安全管理及应对措施集装箱;多式联运;安全管理;应对措施
电子商务运作中的信息安全问题分析	电子商务中计算机安全技术的运用研究电子商务,计算机安全技术,安全技术与机制,运用,措施	网络安全技术初探计算机网络,安全防护,信息安全
吉林肉牛	国外畜牧业扶持政策对吉林省肉牛业发展的启示吉林省,肉牛业,扶持政策	吉林省肉牛和生猪产业发展对策研究肉牛,生猪,市场,吉林省
光催化制氢	C12A7-Mg催化剂水蒸汽重整生物油、石脑油和CH4制氢C12A7-Mg,生物油,石脑油,CH4,催化水蒸汽重整,氢气	增大石墨相氮化碳层间距提升光催化制氢性能石墨相氮化碳,层间距,微波加热,光催化制氢
减税政策对实体经济	特朗普政府减税政策的影响及对策里根减税,特朗普减税,贸易摩擦,财富管理	减税能缓解经济“脱实向虚”吗?——来自上市公司的证据金融化,减税,实际税率,实体经济
(关键词:强化学习) 关键词:多无人机	多机器人系统强化学习研究综述多机器人系统,强化学习,马尔科夫决策过程,计算复杂度,不确定性	多机器人系统强化学习研究综述多机器人系统,强化学习,马尔科夫决策过程,计算复杂度,不确定性
俄罗斯军事实力	俄罗斯第五军区的组建动因及战略任务第五军区,北方舰队,北极地区	"新海洋政策下土耳其出兵利比亚及其影响中东国际关系;土耳其;东地中海;""蓝色家园"";利比亚军事行动"
聚集诱导发光和探针	脂筏特异性AIE荧光探针的设计、合成及其应用脂筏,荧光探针,聚集诱导发光,胆固醇	聚集诱导发光型荧光探针的pH响应研究pH荧光探针,荧光光谱,酸度系数,蒽衍生物
(作者单位:哈尔滨市中医医院) 作者:李姣	国医大师卢芳运用抑免汤联合熏洗方治疗湿疹经验抑免汤;中药熏洗;湿疹;临床经验	心血管神经症中医药治疗进展心血管神经症,中医药治疗,综述
消费主义陷阱	"当代青年""精致生活""的表现、成因及引导青年,精致生活,消费社会,拜物教"	数字帝国主义时代的文化安全风险及其应对数字帝国主义;文化安全;文化主权;文化认同
新药开发过程	治疗小细胞肺癌新药——芦比替定(lurbinectedin)芦比替定;lurbinectedin;小细胞肺癌;海鞘素衍生物;罕用药	思政元素有机融入《新药研究与开发》课程教学分析和实践新药研究与开发;课程思政;育人;高等教育;教学理念
垂直分布	济源市王屋山地区乔木物种多样性的垂直分布格局物种多样性;垂直分布;乔木;多样性指数;均匀度指数;河南济源;王屋山地区	济源市王屋山地区乔木物种多样性的垂直分布格局物种多样性;垂直分布;乔木;多样性指数;均匀度指数;河南济源;王屋山地区
Ag3PO4制备方法	Ag/Ag3 PO4等离子体共振光催化剂的制备及其在可见光下的催化性能光催化,Ag3PO4,等离子共振	Ag3PO4增强TiO2光催化活性研究沉淀法,银杏叶,亚甲基蓝,钛酸丁酯
天麻种子萌发	昭通天麻种子萌发菌的筛选天麻,萌发菌,筛选,昭通	胁迫条件对天麻种子共生萌发的影响天麻种子,共生萌发,低温胁迫,盐胁迫
电化学性能表征	ZnO超细纳米线阵列的制备及其电化学性能锂离子电池,负极材料,电化学性能,氧化锌,水热法	表面Co2CrO4电化学转化为CoOOH/CrOOH及其增强电催化析氧中的性能CoOOH/CrOOH-Co2CrO4纳米片,阳极演化,电化学催化,析氧反应,转化频率
wto非歧视原则	我国最惠国及国民待遇实践与WTO非歧视原则的协调WTO,非歧视原则,实践,协调	WTO非歧视原则在《政府采购协议》中的适用世界贸易组织,非歧视原则,政府采购协议,最惠国待遇,国民待遇
晚期胰腺癌靶向治疗	PARP抑制剂在肿瘤中的治疗现状及展望PARP抑制剂;BRCA突变;同源重组缺陷;耐药性;安全性	胰腺癌诊断及治疗的现状与展望胰腺肿瘤;诊断;治疗;进展
海底管道修复技术	恶劣海况下海底管道带压开孔作业辅助结构设计与安装技术研究恶劣海况,海底管道,带压开孔,辅助支架,屋顶式吊装框架	基于Orcaflex的海底管道提拉上船动态模拟应用管道,提拉上船,Orcaflex,动态模拟
(作者单位:红河) 关键词:小学	借助信息技术促进小学数学教学变革信息技术,促进,小学数学,教学变革	谈小学道德与法治课堂教学策略小学;道德与法治;课堂教学;策略
(化学熏蒸) 关键词:连作	苹果连作障碍土壤微生物的研究进展苹果,连作障碍,有害真菌,微生物群落	苹果连作障碍土壤微生物的研究进展苹果,连作障碍,有害真菌,微生物群落
作者:李梦頔	补益药治疗抑郁症研究进展补益药,抑郁症,综述	浅议“和法”在失眠中的应用失眠,“和法”,调和脾胃,调和阴阳,调和营卫,调和气血,调和少阳,调和情志
"“毛琛” AND ""南方医科大学"""	新型冠状病毒肺炎相关歧视现状调查新型冠状病毒肺炎,歧视,湖北,学生	"""全科医学+""医共体模式在新型冠状病毒肺炎疫情防控中的优势分析新型冠状病毒肺炎,医共体,全科医学,网格化管理,疫情防控"
农民工实名制	建筑业农民工实名制管理的做法农民工,实名制,e路筑福	浅谈建设领域农民工实名制管理建设领域,农民工,实名制,管理
胃管固定并发症效果	活结系于单侧鼻导管固定留置胃管的临床效果观察留置胃管,单侧鼻导管,活结,固定,脱管,舒适度,满意度	改进留置胃管固定法与常规胶布胃管固定法的应用效果比较留置胃管,常规胶布,固定方法,比较
人与自然生命共同体的中国方案	"全球气候治理的中国角色——人与自然生命共同体的视角全球气候治理;中国角色;人与自然生命共同体;人类命运共同体;""一带一路"""	习近平人与自然生命共同体理念的马克思主义哲孝底蕴习近平,人与自然生命共同体,马克思主义,哲学底蕴
动画片对幼儿语言	动画片对幼儿语言发展的作用探讨动画片,幼儿语言发展,作用探讨	浅析动画片对幼儿语言教育的影响动画片,幼儿语言,影响
法律规制的必要性	浅谈民间融资法律规制的必要性及建议民间融资,合法性,法律规制必要性	我国网络视听法律规制:WTO“必要性”司法检验下的审视与思考WTO“必要性”司法检验,一般例外条款,网络视听法律规制
梁柱节点受力性能	增大柱截面加固法对梁柱节点受力性能的影响增大柱截面加固法,梁柱节点,受力性能	增大柱截面加固法对梁柱节点受力性能的影响增大柱截面加固法,梁柱节点,受力性能
非接触心率检测系统	呼吸、心率的雷达式非接触检测系统设计与研究呼吸,心率,非接触检测	基于多普勒效应雷达的非接触实时体征信息检测系统雷达,体征信息,心率监测,呼吸监测,体动监测,非接触测量
幼儿游戏化	浅谈幼儿园区域活动游戏化的现状与对策幼儿园,区域活动,游戏化,现状,策略	幼儿游戏化教学策略实践研究幼儿,游戏化教学,实践
全球粮食危机与中国粮食安全	新冠肺炎疫情下进口限制措施对农业贸易的影响与思考新冠肺炎疫情,农产品贸易,进口限制,合理性,贸易保护主义	疫情应对中农户生计与粮食安全疫情,小农社会,农户生计,粮食安全
激发旅游动机	浅析如何激发旅游者的旅游动机旅游者,旅游动机,激发	ARCS动机模型视角下的中职旅游专业教学策略探讨ARCS动机模型;中职旅游专业;教学策略
未成年人性侵	性侵害男性未成年人的法律思考性侵害,男性未成年人,法律思考	未成年人性侵救助存在的问题及对策研究未成年人,性侵害,救助
门诊退费管理	医院收费部门内部控制实践与策略医院收费部门,内部控制,策略	医院预付费模式下移动支付的实践与探索移动支付,预付费模式,单边账
新生儿、穿孔、术后管理	13例新生儿胃穿孔诊治结果分析新生儿,胃穿孔,消化道畸形,外科手术,预后	胃肠穿孔新生儿患者的护理新生儿,胃肠穿孔,护理
人民币国际化对我国商业银行的影响	人民币国际化对我国商业银行的影响人民币国际化,商业银行,存款规模,中间业务,风险管理	浅谈人民币国际化对我国中小商业银行的影响及对策人民币,国家化,中小商业银行
居民出行方式 城市规划	广州市居民出行方式结构变化的启示国内城市,居民,出行方式结构,管理,广州	基于居民出行方式结构变化的城市停车供应策略研究——以广州市停车配建指标修订为例出行方式,停车指标,停车供应策略
低温离子凝胶	具有抗冻特性的水凝胶电解质的制备及其在固态超级电容器中的应用大豆蛋白;聚乙烯醇;水凝胶电解质;超级电容器;抗冻性能	双金属离子交联海藻基抗冻水凝胶的制备海藻酸钠,水凝胶,抗冻性,压缩强度,拉伸率
spr术后康复	悬吊运动训练对痉挛型双瘫患儿选择性脊神经后根切断术后步行能力的影响痉挛型双瘫;选择性脊神经后根切断术;悬吊运动训练;粗大运动功能;步行能力	椎板间入路脊神经后根切断术治疗下肢痉挛性瘫痪椎板间入路;下肢痉挛性瘫痪;脊神经后根切断术
(刑事诉讼 电子证据) Date:2018-2021	刑事诉讼中电子证据的鉴真途径及反思电子证据,鉴真,建议	论刑事诉讼中的大数据证据大数据证据,证据种类,审查判断
运动强度 老年	不同运动强度的健步走对老年男性心血管功能的影响运动疗法,心血管系统,功能恢复,老年人,男性	不同运动强度的健步走对老年男性心血管功能的影响运动疗法,心血管系统,功能恢复,老年人,男性
颅脑MRI特征	肝豆状核变性患者脑MRI特征与临床表现的相关性研究肝豆状核变性,颅脑,磁共振成像,临床表现	颅脑原发性恶性淋巴瘤的MRI和MRS诊断脑,原发性非霍奇金淋巴瘤,MRI,MRS
膝关节置换  流行病	髋膝关节假体周围感染关节;假体感染;翻修;生物治疗;生物膜;综述	髋膝关节假体周围感染关节;假体感染;翻修;生物治疗;生物膜;综述
作者:左停	农村发展中的生计途径研究与实践生计,农村发展,综述	"从""最后一公里""到""第一公里""——对中国农村技术和信息传播理念的反思农业信息化,最后一公里,第一公里,农村信息传播"
阿尔茨海默 胆碱酯酶抑制剂	乙酰胆碱酯酶抑制剂的研究进展乙酰胆碱酯酶抑制剂,阿尔茨海默病,老年性,痴呆	阿尔茨海默病和血管性痴呆患者脑脊液中乙酰胆碱和胆碱检测及其临床意义阿尔茨海默病,痴呆,血管性,乙酰胆碱,胆碱,脑脊髓液
慢性完全闭塞	准分子激光冠脉斑块消融术在复杂冠脉病变中的临床应用准分子激光冠脉消融术,复杂冠脉病变,经皮冠状动脉介入治疗	比伐芦定在冠状动脉慢性完全闭塞病变经皮冠状动脉介入治疗围术期应用中的有效性和安全性临床观察比伐芦定,慢性完全闭塞病变,经皮冠状动脉介入治疗
医学与人类学的关系	疾病的文化隐喻与医学社会人类学的鉴别解释方法人类疾病,文化隐喻,医学社会人类学	"游魂、空间与荨麻疹——大理白族""姑悲惹""治疗仪式的医学人类学解读大理白族,游魂,荨麻疹,空间"
临床护理路径 老年高血压	临床护理路径对老年高血压病患者血压控制及生活质量影响的效果分析老年高血压病,临床护理路径,血压控制效果,生活质量评分	临床护理路径在厄贝沙坦片治疗高血压中的应用探讨临床护理路径;老年高血压;心理状态;护理影响
关键词:发电厂电气	基于DCS的发电厂电气系统改进和应用DCS,发电厂电气系统,故障处理	发电厂电气设备自动化技术的应用发电厂,电气设备,自动化技术,应用
洪水荷载	洪水演进模型及冲击荷载研究进展洪水,演进模型,波浪荷载,冲击荷载	溃坝洪水对构筑物冲击荷载的数值模拟溃坝洪水,浅水方程,冲击荷载,全局溃坝,局部溃坝,数值模拟
X70管线钢焊接	管线钢摩擦焊接头在饱和CO2环境中的电化学腐蚀性能研究摩擦焊;焊接接头;Ni镀层;占空比	大应变管线钢和钢管的关键技术进展及展望大应变管线钢,大应变钢管,变形行为评价,X70,X80,环焊缝,中缅管道,西气东输管道工程
国土空间基础信息平台	市级国土空间基础信息平台关键技术研究国土空间基础信息平台,智能网关,微服务,时空数据,交互式可视化	潍坊市国土空间基础信息平台设计自然资源,国土空间基础信息平台,数据中心,大数据
抗生素替代品	我国细菌耐药性问题及抗生素替代品的研发方向抗生素替代品,耐药性,抗菌肽,中草药,微生态制剂	动物性食品中抗生素残留的危害及防控动物性食品,抗生素残留,问题,对策
虚拟现实技术在临床医学中的应用	虚拟现实技术在临床医学教学中的应用虚拟现实,仿真技术,医学教育	互联网+虚拟现实技术教育模式在泌尿外科临床教学中的应用互联网+,虚拟现实技术,泌尿外科,临床教学
网络营销方案	电子商务环境下艺术品营销方案浅析——以景德镇陶瓷为例电子商务,网络营销,景德镇陶瓷	《网络营销》课程过程性考核体系设计研究网络营销,过程性考核方式,项目化教学
紫杉醇注射液的不良反应分析及临床合理应用	紫杉醇注射液的不良反应48例临床分析紫杉醇注射液,不良反应,临床分析	222例抗肿瘤药致不良反应报告分析抗肿瘤药,不良反应,分析,合理用药
小微企业定义	我国小微企业财务风险分析与控制小微企业,财务风险,控制	基于改进动态组合评价方法的小微企业信用评价研究小微企业,信用评分,动态组合评价,成长因子
聚醚醚酮（PEEK）	GO-PEEK复合材料的骨诱导功能聚醚醚酮;氧化石墨烯;骨髓间充质干细胞;成骨	聚醚醚酮表面接枝聚丙烯酸及其成骨细胞相容性聚醚醚酮;表面改性;聚丙烯酸;成骨细胞;细胞相容性
(co2监测) Date:2016-*	基于双面金属包覆光波导传感器的地铁CO2气体监测系统设计地铁,双面金属包覆光波导,CO2气体传感器,ZigBee,监测系统	无人机遥感监测技术在CO2地质封存泄漏风险事故监测中的应用CO2地质封存,无人机遥感监测,高斯模型,环境背景值,泄漏风险
中国亚热带常绿阔叶林	古田山亚热带常绿阔叶林树皮厚度的变异特征树皮厚度,常绿阔叶林,功能性状,生态位分化,物种共存	中国亚热带常绿阔叶林优势种及常见种的分布与Kira指标的关系常绿阔叶林,优势种及常见种,温暖指数,寒冷指数,湿润指数,水热分布类群
分离胶促凝管	分离胶促凝管与普通干燥管在生化分析中的差异性研究生化分析,普通干燥管,分离胶促凝管	分离胶促凝管和普通促凝真空管在临床化验中的应用比较生化检验,血清,促凝管
带状疱疹性神经痛	离子通道药物在带状疱疹神经痛中的临床应用电压门控离子通道药物,带状疱疹神经痛,药物治疗	护理干预在带状疱疹后神经痛患者治疗中的效果研究带状疱疹后神经痛,针对性护理干预,康复总有效率,生活质量
(医护人员管理) Date:2016-2021	急诊医护人员疼痛管理知识和态度的现状及影响因素研究疼痛管理,急诊护理,影响因素,医护人员,护理管理	公共卫生应急管理中的医护人员充权问题探析公共卫生应急管理,医护人员,充权
如何在初中语文教学中提升学生的表达能力	如何在初中语文教学中提升学生的表达能力初中语文,表达能力,教学策略	初中语文教学中如何提升学生的表达能力初中语文教学,表达能力
:房地产企业涉税风险	房地产企业纳税筹划与风险控制问题的探讨风险控制,房地产企业,纳税筹划	新形势下房地产企业税收风险管理探析新形势,房地产,税务风险管理,对策
CD14细胞 结核	TP患者治疗前后胸腔积液中巨噬细胞及炎性细胞因子的改变结核性胸膜炎,巨噬细胞,极化,治疗,炎性细胞因子	利福喷丁与利福平治疗初治涂阳肺结核患者的有效性与安全性比较肺结核;利福喷丁;利福平;炎性因子;免疫功能
微量元素硒 动物繁殖	微量元素硒作为饲料添加剂在畜禽养殖中的应用微量元素硒,饲料添加剂,生物学功能,畜禽,养殖	有机硒的生物学功能及在畜牧领域的研究应用有机硒,生物学功能,畜牧应用
开放性股骨骨折	损伤控制骨科技术在严重多发伤合并骨折治疗中的应用多处创伤,损伤控制骨科,骨折	股骨骨折术后骨不连的危险因素分析股骨骨折,骨不连,危险因素,Logistic回归分析
光纤传感	光纤与光纤传感器光纤,光导纤维,光纤传感器	斜面透镜光纤在反射式光纤位移传感器中的应用斜面透镜光纤,单光纤对,调制特性函数,光纤位移传感器
手机在物理教学中的应用	浅谈手机拍照功能在应用光学课程教学中的应用应用光学,手机拍照,教学方法	高中物理集成电路教学拓展集成电路;数字电路;模拟电路
思政教育与大学英语课程	课程思政与立德树人内涵探索——以大学英语课程为例思政课程;课程思政;大学英语;立德树人;教材选择;教学指南	转变理念、重构内容,落实外语课程思政立德树人,课程思政,转变理念,重构内容,教材建设
风冷热泵	风冷模块机组部分负荷性能的试验研究空气源热泵,性能系数,部分负荷,并联压缩机,变频风机	喷雾冷却技术对建筑空调性能改善及适用性分析建筑空调;蒸发冷却;风冷热泵;能效比
银杏提取物 炎症	银杏叶提取物对血管性痴呆大鼠记忆力及GAT1、CREB表达的影响银杏叶提取物,血管性痴呆,海马组织,γ-氨基丁酸转运体-1,cAMP反应原件结合蛋白	银杏叶提取物拮抗哮喘大鼠气道炎症的机制探讨哮喘,银杏叶提取物,白细胞介素13,细胞间黏附分子1
(信息服务的发展) 题名:信息服务 Date:2000-2021	基于本体论和多主体的信息检索服务器本体论,主体,信息检索	财务共享服务下管理会计信息化有效实施策略管理会计信息化,财务共享服务,云计算
双特异性抗体	靶向免疫检查点的双特异性抗体在肿瘤治疗中的研究进展肿瘤,免疫检查点,双特异性抗体,分子靶向治疗	对双特异性抗体的制备和应用分析双特异性抗体,制备,实际应用
农业品牌价值	基于CARD模型安吉白茶区域公用品牌价值分析安吉白茶,CARD模型,品牌价值	基于CARD模型安吉白茶区域公用品牌价值分析安吉白茶,CARD模型,品牌价值
"(糖尿病) 关键词:""下肢血管病变"""	通络汤1号治疗糖尿病下肢血管病变临床观察血痹,脱疽,糖尿病下肢血管病变,痰瘀互结证,通络汤1号,中医药疗法	不同严重程度糖尿病足细菌感染特征与下肢血管病变及病情结局的关系糖尿病足;细菌感染;下肢血管病变
工业负荷 配电网影响	考虑电动汽车入网辅助服务的配电网日前调度策略电动汽车,物联网,日前调度,汽车入网辅助服务,双层优化	计及负荷特性的配电网多时间尺度电压控制及协调修正多时间尺度,负荷特性,光伏无功成本,电压控制,协调修正
动物解剖学	三明治教学法在《动物解剖学》实验教学中的应用三明治教学法;动物解剖学;实验教学;教学方法	基于MOOC的动物解剖学课程教学模式改革MOOC平台,动物解剖学课程,教学模式
晚清厘金制度	晚清厘金制度起源路径新论晚清,江苏省,厘金制度,起源	厘金制度变迁的利益集团分析厘金,利益集团,制度变迁
食管裂孔疝	胃食管反流病合并食管裂孔疝的内镜及腹腔镜治疗进展胃食管反流病,食管裂孔疝,胃底折叠术,内镜,腹腔镜,综述	重视疝和腹壁外科疾病规范化治疗疝,无张力修补术,腹壁缺损
人类命运共同体内涵	“人类命运共同体”:理论本质、基本内涵与中国特色人类命运共同体,国际主义,理论本质,基本内涵,中国特色	“人类命运共同体”:理论本质、基本内涵与中国特色人类命运共同体,国际主义,理论本质,基本内涵,中国特色
明清山水画	"从""四王""绘画看明清中国文人山水画的风景美学观中国画,""四王""绘画,明清文人,山水画,风景美学"	中国古代山水画的诗画合璧山水画,题画诗,诗画合璧
(((财务风险) 关键词:多元化投资 ) ) ) Date:2017-2022	论企业财务风险的防范与控制企业,财务风险,成因,防范	国有企业产业投资基金运作模式初探国有企业,产业投资基金
女性视角	"""话语""结构与性别政治--女性主义叙事学""话语""研究评介女性主义叙事学,话语结构,性别政治"	管理防御视角下的CFO背景特征与会计政策选择——来自资产减值计提的经验证据管理防御,背景特征,会计政策选择,资产减值
中国电影未来发展	中国电影编剧行业的现状和发展研究中国电影;电影编剧;编剧行业	"从制片营销策略看中国主流商业电影""走出去""中国主流商业电影,制片策略,营销策略,""走出去"""
椒盐噪声去除	双加权Lp范数RPCA模型及其在椒盐去噪中的应用图像去噪,鲁棒主成分分析,低秩,稀疏,非局部自相似性	基于改进的小波阈值图像去噪算法小波阈值函数,峰值信噪比,均方根误差,自适应中值滤波
((国内耕地保护) ) 题名:耕地保护 Date:2016-2021	论我国耕地保护的意义及措施耕地,保护,措施	土地产权稳定性对农户耕地质量保护行为影响综述土地生态环境,土地产权稳定性,综述,耕地质量保护,承包权稳定,经营权稳定
蚯蚓养殖技术	红蚯蚓养殖技术红蚯蚓,养殖技术,雌性生殖器官,雄性生殖器官,性成熟期,生产项目,人工养殖,雌雄同体	蚯蚓养殖技术与加工利用蚯蚓,太平二号,养殖技术,加工技术,综合利用
神光靶室	神光Ⅱ升级装置中靶场桁架的结构稳定性高功率激光,靶场桁架,结构稳定性,有限元方法	"单光子发射计算机断层显像对自制注射用神经生长因子-脂质体脑靶向性研究脂质体,单光子发射计算机断层显像,靶向性,血脑屏障
"
本雅明和新媒体	探析媒体融合趋势下新媒体发展的路径媒体融合,新媒体,发展,路径研究	以校园文化建设为载体推进高校传媒专业实践育人体系研究校园文化,传媒专业,实践育人,思想政治工作
神经外科高龄手术护理	高龄患者慢性硬膜下血肿手术治疗的护理体会高龄,慢性硬膜下血肿,钻孔引流,护理	集束化综合护理预防lCU高龄神经外科手术患者术后焦虑、抑郁的效果观察集束化综合护理,ICU神经外科手术,高龄患者,焦虑,抑郁
社会组织 居家养老 困境	社区居家养老服务困境与多元共治发展路径--基于武汉七个城市社区的调查社区居家养老,养老设施,养老服务,福利多元	"失能半失能老人居家养老的社会支持体系研究失能半失能,居家养老,社会支持
"
小学语文导学单	论导学案在小学语文教学中的应用导学案;小学语文;教学应用	"""三析""课后练习落实语文要素——以统编教科书小学语文五年级下册第八单元教学为例语文要素;课后练习;语文"
农村电商扶贫的发展现状	乡村振兴视角下湛江市农村电商的发展现状及对策湛江市,农村电商,乡村振兴,电商扶贫	武陵山片区农村电商扶贫的现状及发展策略研究农村电商,电商扶贫,现状,发展策略
汽车尾气用催化剂制备	汽车尾气净化用多孔氧化铝陶瓷制备技术研究进展汽车尾气,催化剂载体,PAC,制备工艺,进展分析	锰铈改性对Pt/BaCO3/Al2O3催化剂NOx存储性能的影响非化学计量氧化物;NOx存储;稀燃工况;汽车尾气净化催化剂
桐乡市第一人民医院      章瑾瑜	阿托伐他汀、辅酶Q10联合治疗冠心病早期心功能减退患者的临床研究阿托伐他汀,辅酶Q10,冠心病,心功能	血清炎症因子对冠心病患者的影响与临床治疗研究冠心病,血清炎症因子,曲美他嗪,阿托伐他汀
克隆 伦理	关于克隆人的伦理分析克隆技术,克隆人,伦理,科学	克隆人技术伦理根基之思考克隆人技术,伦理问题,知情同意
(生物质能源) Date:2010-2021	碳中和愿景下中国电力部门的生物质能源技术部署战略研究碳中和,电力部门,生物质能源,低碳转型	空气源热泵烤房与生物质新能源烤房对烤后烟叶经济效益的影响烤烟,空气源热泵烤房,生物质新能源烤房,经济效益
作者:丁娴	盐酸氢吗啡酮静脉自控镇痛对腹腔镜肾癌术后应激指标、炎性因子的影响盐酸氢吗啡酮,吗啡,腹腔镜,肾癌	顺尔宁联合甲基泼尼松龙治疗支原体肺炎疗效及炎症反应、外周血淋巴细胞亚群含量的评估支原体肺炎,顺尔宁,糖皮质激素,炎症反应,免疫应答
蛹虫草皂苷	蛹虫草固态发酵转化西洋参中人参皂苷的研究蛹虫草,西洋参,发酵转化,人参皂苷	参草菌质的发酵工艺研究双向固体发酵,人参,蛹虫草菌,人参皂苷
JAVA发展	探析JAVA编程语言在计算机软件开发中的应用JAVA编程语言,计算机,软件开发	计算机专业课程教学的思政融合路径探索课程思政,计算机专业,教学,改革
双下肢血栓	妇科手术后下肢深静脉血栓特点及引发肺栓塞的因素研究妇科手术;深静脉血栓形成;肺栓塞	预防性护理联合Autar风险评估对髋部骨折术后患者深静脉血栓发生率的影响预防性护理,Autar风险评估,髋部骨折术,深静脉血栓
尾菜饲料化	白菜尾菜青贮饲料化利用品质分析白菜尾菜,青贮,饲料	尾菜制作青贮饲料技术要点尾菜,青贮饲料,制作
啤酒污泥堆肥对苹果	啤酒污泥堆肥不同施用方式对苹果苗生长和生理特性的影响啤酒污泥堆肥,苹果,生长,生理特性,根系形态	不同有机堆肥对土壤性状及微生物生物量的影响有机堆肥,土壤性状,土壤微生物生物量,土壤持水量,土壤呼吸
郭鑫  天津	参苓白术散加减治疗脾虚湿蕴型亚急性湿疹临床疗效及对炎症因子和外周血T淋巴细胞亚群的影响参苓白术散,湿疹,脾虚湿蕴型,炎症因子,T淋巴细胞亚群	"肝脏囊性病变的发生机制及影像学诊断肝脏囊性病变,体层摄影技术,磁共振成像,影像学征象
"
李宁财务分析	李宁体育存货管理存在的问题及建议李宁体育,存货管理,转型	综合化管理在医院财务科中的应用综合化管理医院财务科;应用和对策
慢性根尖周炎	感染根管预备后根管内细菌种类和数量的变化细菌,根管预备,逐步后退法,超声冲洗	iRoot SP一次性根管治疗前牙窦道型慢性根尖周炎疗效观察iRootSP,一次性根管治疗,慢性窦道型根尖周炎
电气自动化社会责任	高校电气自动化技术专业课程教学改革思考电气自动化,专业课程,教学改革	探讨建筑电气自动化系统安装需注意的问题建筑工程,电气自动化,安装
代孕法律规制	代孕协议法律规制之我见——以代孕双方权利义务为中心代孕协议,法律规制,权利义务	我国代孕行为法律规制研究代孕行为,立法,可能性,必要性,法律规制
(主题公园的发展) 关键词:主题乐园	国色天乡主题游乐园的可持续发展分析——基于市场营销策略国色天乡,游乐园,分析	主题公园发展的战略性趋势研究战略趋势,演进路径,动力机制,主题公园
鼻腔扩容术	鼻内镜下108例鼻腔扩容术疗效分析鼻塞,鼻中隔,鼻甲,内窥镜检查,耳鼻喉外科手术	同期鼻腔扩容术联合改良悬雍垂腭咽成形术治疗阻塞性睡眠呼吸暂停低通气综合征睡眠呼吸暂停,阻塞性,鼻腔,改良悬雍垂腭咽成形术,鼻腔扩容术
小学生写作策略	小学生写作能力提升策略分析小学语文;写作能力;写作教学;存在问题;提升策略	引领小学生快乐写作的有效策略小学生;现状问题;快乐写作;有效策略
五位一体 政治建设	中国特色社会主义文化建设的新时代使命文化建设,中国特色社会主义,新时代,使命	"构建""五位一体""培育机制建设高素质煤炭营销专业人才队伍政治建设,制度体系,激励,历练,导向"
管理者培训目标	培训在人力资源管理环节中的重要作用培训,人力资源管理,重要作用	浅谈新时期企业员工培训的创新企业管理,人力资源,员工培训,创新
学术道德和科研诚信	"研究生""科技与工程伦理""类课程实践探索——以北京理工大学""科学道德和学术诚信""课程为例科学道德和学风建设,研究生公共课,伦理启蒙,建构性学习,科技与工程伦理"	坚守学术道德与科研诚信学术道德,科研诚信
( 作者:张达) 刊名:建筑工程与技术	真空动力固结施工技术在吹填沙土地基处理中的应用吹填砂地基处理,真空动力固结,工艺原理,施工工艺,工程实例	公路桥梁桩基施工质量问题及控制措施公路桥梁桩基,施工质量问题,控制措施
人口战略性	人口政策是带有战略性的大政策邓小平,人口问题,战略问题	"发展老年保险和老年服务事业是控制我国人口增长的战略性措施-兼论""生小""与""养老""一起抓经济发展水平,社会保险,服务事业,保险费,依赖程度,老年人,老年保险,战略性措施,人口增长速度,人口出生率
"
应急管理	"螺旋式上升:""国家应急管理体系""概念的演变与发展国家应急管理体系;梁柱结构;概念演变;""结构-时间""分析方法;螺旋式上升"	多资源组合应急调度问题的研究应急系统,组合,优化
小学语文教学案例	小学语文深度学习教学案例分析小学语文,深度学习,案例分析	"小学语文课堂教学模式的优化--记""我和秋天握握手""实践活动小学语文,课堂教学,模式"
地表温度反演	复杂地表地表温度反演研究进展地表温度;复杂地表;反演方法;水汽;真实性检验	"基于FY-3C/MWRI的湖南省地表温度遥感反演评价风云三号C星,微波成像仪,遥感反演,地表温度,精度评价
"
景德镇 朱亚平	失效模式与效应分析模式在降低脑出血患者肺部感染中的应用FMEA,脑出血,肺部感染	护理路径对老年高血压患者健康教育的影响护理路径,高血压,健康教育
芬吗通 宫腔粘连	透明质酸钠凝胶联合芬吗通对高危人工流产术后宫腔粘连的预防作用及对血清IL-10及IL-18水平的影响高危人工流产术,宫腔粘连,透明质酸钠凝胶,芬吗通,炎性因子	芬吗通在宫腔粘连中促内膜生长的效果研究芬吗通,宫腔粘连,促内膜生长
云南农业大学杨淑华	基于KSAO模型视角下的秘书学专业学生专业认知培养探究秘书学,KSAO模型,专业认知,人才培养	不同产业沼气作物农田净生态系统生产力和水分利用效率比较作物,沼气,生态系统,产业沼气作物,净生态系统生产力,群体水分利用效率,生态水分利用效率
转移因子	转移因子联合紫草治疗玫瑰糠疹疗效观察玫瑰糠疹,紫草,转移因子,抗组胺药	转移因子联合紫草治疗玫瑰糠疹疗效观察玫瑰糠疹,紫草,转移因子,抗组胺药
预防压疮的研究进展	手术室压疮预防及护理新进展压疮,手术室,摩擦力,预防护理	"预防压疮的干预措施研究进展压疮,预防护理,干预措施
"
师范生教师职业理想	免费教育师范生职业理想教育目标体系建构免费教育师范生,职业理想教育,目标体系,优秀教师,教育家	"红色文化融入师范生职业理想信念教育研究 ——以打造""红色高地""培育师范生核心价值观为例红色文化,师范生,理想信念,价值观,培育"
轿车 空气动力学 优化	基于STAR-CCM+的某轿车减阻优化研究轿车,风阻系数,空气动力学仿真,优化	"基于STAR-CCM+的某轿车减阻优化研究轿车,风阻系数,空气动力学仿真,优化
"
地方应用型本科高校课程思政	地方应用型本科高校酿酒工程专业课融入课程思政教学的探索地方应用型本科高校,酿酒工程,专业课,课程思政	课程思政背景下园林综合实训课程的教学探索与实践高校,课程思政,园林综合实训,共享花园,融合
板极电渣焊	用大功率板极电渣焊焊接厚大锻件的试验研究16Mn锻件,法兰,电渣焊	高炉围板电渣焊未熔合的分析电渣焊,焊接工艺参数,焊剂,工艺处理
人体姿态识别综述	基于深度学习的人体姿态检测算法综述深度学习;人体姿态检测;人体关键点识别	自动驾驶综述自动驾,ADAS系统,人体姿态识别,头部姿态识别,视线跟踪
学生情感对外语学习的作用	情绪对学生英语学习的影响英语学习,积极情绪,消极情绪	大学英语专业学生第一外语学习策略在第二外语学习中迁移作用的调查研究第一外语,第二外语,学习策略,迁移
丙肝病毒	丙肝病毒核心抗原检测的临床价值及其与HCV-RNA、ALT、AST的关系研究丙型肝炎,丙肝病毒核心抗原,丙肝病毒核心抗体,丙肝病毒RNA,肝功能	探讨丙肝病毒直接抗病毒药物治疗慢性丙型肝炎的疗效丙肝病毒(HCV),慢性丙型肝炎;直接抗病毒药物(DAAs)
反刍动物体外预消化	反刍动物常用粗饲料消化率预测模型的验证研究粗饲料,体外消化率,模型,验证	稻草外源酶预处理对其瘤胃降解及甲烷生成的影响外源酶制剂,稻草,体外发酵,反刍动物
订单培养	产教融合背景下高职院校订单班人才培养模式探索产教融合,高职院校,订单班人才培养模式	订单式乡村医生人才培养模式研究订单式,乡村医生,人才培养
新时代 大学生 新作为	习近平新时代中国特色社会主义思想在大学生中的大众化探析习近平新时代中国特色社会主义思想,大学生,大众化	新时代做好大学生党员教育管理工作有效途径研究新时代,大学生党员,教育管理
互联网金融创业	"""互联网+金融""背景下高职学生创新创业能力培养研究""互联网+金融"";高职学生;创新创业能力"	互联网金融发展、银企关联 与创业板公司债务融资创业板公司,银企关联,互联网金融发展,债务融资
子午流注学说	"基于""子午流注""理论解析中医时辰导引及其应用导引;子午流注;经络理论;时间医学"	浅析术数思想对中医学的影响术数,干支,五运六气,子午流注,九宫八卦
贫血分类	浅谈贫血分类与ICD-10编码贫血,分类,ICD-10,编码	妊娠合并贫血分类治疗妊娠合并贫血,分类治疗
财务风险分析	公司财务风险分析及控制浅析公司;财务风险;分析及控制	高校贷款后财务风险分析高等学校,债务分析表,财务风险管理,债务风险
辐照灭菌 医疗器械	医疗器械辐射灭菌的现状及进展医疗器械,辐射灭菌	黑龙江省医疗机构卫生消毒质量监测报告医疗机构,消毒质量,监测
营养素摄入量	我国居民膳食营养状况与《中国食物与营养发展纲要(2014-2020年)》相关目标的比较分析膳食营养,中国食物营养与发展纲要(2014-2020年),发展目标,食物消费量	用简化的食物频率询问法进行膳食评价膳食调查,频率法,中老年人
压缩网络编码	端到端优化的图像压缩技术进展图像压缩,端到端优化,深度神经网络,压缩效率,JPEG,JPEG2000,HEVC,VVC	采用双网络结构的压缩视频超分辨率重建高性能视频编码,视频压缩,超分辨率重建,卷积神经网络
建党精神 内涵	把握伟大建党精神的深刻内涵和深远意蕴中国共产党;建党精神;精神之源;继承和光大	论伟大建党精神的历史定位、科学内涵与时代价值伟大建党精神;中国共产党;革命精神;精神谱系
在线辨识方法	一种无人水面艇运动模型参数在线辨识方法船舶工程,无人水面艇,运动模型,递推最小二乘法,在线辨识	无人直升机横向角运动模型在线辨识方法无人直升机,在线辨识,挥舞角,卡尔曼滤波
凸透镜焦距	一种精确测量薄凸透镜焦距的实验方法凸透镜,焦距,光功率	拆解不等式,巧判凸透镜焦距不等式,凸透镜,焦距,光心
药物 利用分析	我院2017-2019年深部抗真菌药物利用分析深部抗真菌药物,药物利用,合理用药	2015～2018年我院抗癫痫药药物利用分析抗癫痫药,金额排序,DDDs,药物利用分析
环焦反射面设计	一种动中通环焦反射面天线动中通,反射面,波纹喇叭	"抛物面索网天线的最佳型面设计方法反射面天线,近似误差,抛物面,星载天线
"
喘振hysys	基于HYSYS Dynamic的离心压缩机动态模拟分析天然气,离心压缩机,动态模拟,开机,停车,防喘振	离心压缩机启机动态仿真与流程优化离心压缩机,启机,流程优化,动态仿真,防喘振,阻塞工况,HYSYS Dynamic
作者:顾晓冬	大肠癌脑转移的临床特征及其手术治疗结直肠肿瘤,肿瘤转移,外科手术,预后	改良Cuff技术建立小鼠颈部异位心脏移植模型Cuff技术,心脏移植,异位移植,小鼠模型
牦牛 养殖 检	不同养殖模式对牦牛背最长肌挥发性风味物质及脂肪酸组成的影响牦牛,放牧,育肥,挥发性风味物质,脂肪酸	西藏自治区牦牛出血性败血症的诊治牛出血性败血症;多杀性巴氏杆菌;西藏
金属氧化物储氢	纳米镁储氢材料吸放氢动力学性能的研究进展纳米镁储氢材料,高能球磨,过渡金属氧化物,动力学性能	国产银分子筛和复合氧化物吸氢剂应用于高真空多层储罐的吸氢性能吸氢剂,氢气,吸附性能,高真空多层储罐
(作者单位:青羊区) 关键词:小学	小学几何教学中如何培养学生的空间想象能力几何教学,空间想象,小学	关于小学音乐教学改革的探索新课标,小学音乐,教学改革
专利转让	若干国家和地区对知识产权滥用的反垄断控制知识产权,权利滥用,反垄断法	国外协同创新研究述评与展望协同创新,协同要素,协同模式,评述
(大学生 投资行为) Date:2018-2021	浅谈大学生的投资行为大学生,投资行为,回归分析	大学生投资理财行为中存在的问题及原因分析大学生投资理财,存在问题,互联网金融,建议
鼻咽癌基因	HOXC6在鼻咽癌组织中的表达及临床意义HOXC6,鼻咽癌,临床预后,免疫组化,GEO数据库	氯喹通过上调miR129增强顺铂抗鼻咽癌作用氯喹,顺铂,miR129,自噬,凋亡
支持向量	基于模糊近似支持向量回归的股价预测研究股价预测,支持向量回归,信噪比,输入指标,模糊近似支持向量回归	基于改进支持向量回归的锂电池剩余寿命预测锂离子电池;剩余有效寿命;改进蚁狮优化算法;支持向量回归
作者:于阅尽	羟苯磺酸钙胶囊联合肾炎康复片治疗糖尿病肾病的临床效果观察羟苯磺酸钙胶囊,肾炎康复片,糖尿病肾病	"抗内皮细胞抗体调节突发性感音神经性聋患者内皮细胞的活化听觉丧失,突发性,自身抗体,内皮细胞,细胞凋亡
"
医学图像加密算法	基于混沌和边缘特征的医学图像加密算法图像加密,位平面分解,边缘映射,混沌映射	基于混沌映射的医学图像灰度级加密算法图像加密,位面级,混沌映射,循环移位,位面交换
贵州 鱼类	贵州省凤冈县万佛山自然保护区鱼类调查与评价万佛山自然保护区,鱼类资源,区系成分,分布区划	贵州省鱼类外来种调查贵州省,鱼类,外来种
体育法理	弱势群体体育健身权利的法理思考弱势群体,体育健身权利,法理	法律多元视野下的国际体育组织基本法理问题法律多元,国际体育组织,“全球体育自治法”理论,法律人格,“内部法律”属性
体质量管理 妊娠期糖尿病	妊娠期糖尿病患者自我管理现状调查及对母婴结局的影响自我管理,妊娠期糖尿病,母婴结局,影响	口服葡萄糖耐量试验时间—血糖曲线下面积与妊娠期糖尿病患者不良妊娠结局的关系妊娠期糖尿病;口服葡萄糖耐量试验;时间—血糖曲线下面积;不良妊娠结局;关系
多肽纯化	多肽药物制备工艺研究进展多肽;药物;合成;纯化	荔枝果皮BPox的分离纯化及其在果实成熟过程中的表达荔枝;结合态过氧化物酶;纯化;质谱鉴定;基因表达;着色和成熟
民营企业 标准	插上标准的“翅膀”——山东省龙口市质监局标准化扶持民营企业发展纪实企业发展,标准化,质监局,山东省,龙口市,民营,翅膀,山东南山集团	标准化与中小民营企业的核心竞争力标准化,中小民营企业,核心竞争力
幼儿教师专业认同	幼儿园教师专业认同的基本结构与理论模型专业认同,幼儿园教师,结构要素,问卷编制	专业认同对幼儿园教师专业发展影响的个案研究幼儿园教师专业认同,教师专业发展,叙事研究
幼儿园档案袋评价	基于CiteSpace的幼儿园档案袋评价研究知识图谱幼儿园评价,档案袋评价,知识图谱解析	促进教师专业发展的幼儿园教师评价初探幼儿园教师,专业发展,幼儿园教师评价
磁场调制电机	基于气隙磁场调制理论的永磁同步电机磁场分析与特性对比磁场调制理论,整数槽分布绕组,分数槽集中绕组,永磁同步电机,有限元法,谐波畸变率	基于电–热双向耦合的磁场调制型磁通切换电机设计与性能分析磁通切换电机,磁场调制原理,谐波分析,电热双向耦合,反馈设计
金属矿石	西藏某难选铜铅多金属矿石铜铅浮选分离试验研究难选铜铅多金属矿石,次生铜矿物,氧化铜矿物,铜铅分离,优先浮选	四川某铜铅锌复杂难选多金属矿石选矿工艺优化研究与实践铜铅锌复杂难选多金属矿石;磨矿细度;药剂;工艺流程改造;清水;回水
大学生法治教育研究	新媒体背景下大学生法治教育接受效果研究新媒体,大学生,法治教育,接受效果	法治教育中的价值导向与当代大学生法治信仰的研究法治教育,价值导向,大学生,法治信仰培育
个人信保护研究	数据应用中对个人信息的法律保护研究大数据技术,个人信息,法律保护	大数据环境下图书馆用户个人信息保护现状及对策研究大数据;图书馆;个人信息保护;用户
会计职业生涯规划	大数据背景下会计专业大学生就业能力分析大数据;会计专业;就业能力	中职会计专业实施全程化职业生涯规划教育的探索中职会计,全程化职业生涯规划
放射性肺损伤与肺功能	三维适形放疗肺癌患者的放射性肺炎的相关因素分析放射疗法,肺癌,肺功能,剂量体积直方图	58例不能手术治疗的早期非小细胞肺癌放疗疗效分析癌,非小细胞肺癌/放射疗法,生存分析,副反应
粉末冶金高速钢	粉末冶金高速钢的制备与组织性能研究球磨,烧结温度,致密化,组织,性能	粉末冶金高速钢在森吉米尔轧机工作辊上的应用粉末冶金高速钢,冷轧工作辊,森吉米尔轧机
多边主义	多边主义的困境及其转型多边主义,国际制度,多边主义变革	多边主义与中国周边安全战略多边主义,周边安全,对外战略
G蛋白偶联受体结构	G蛋白偶联受体研究进展GPCR,晶体结构,异源二聚化,药物作用靶标	牛卵泡颗粒细胞CART相互作用蛋白鉴定及受体筛选牛,卵泡,可卡因-苯丙胺调节转录肽,G蛋白偶联受体,质谱分析
汽车轻量化	论汽车轻量化汽车轻量化,评价方法,表征参量,零件功能,材料性能,成形技术	金属材料在汽车轻量化中的应用与发展金属材料;汽车轻量化;发展现状;具体方案
既有建筑 and 爆破	隧道爆破综合控制技术在邻近既有线条件下的创新应用新建隧道;既有隧道不加固;微振爆破;掘进施工	连拱隧道下穿既有建筑物爆破分析研究爆破震动,连拱隧道,有限元计算
建设征地 移民  安置	区片综合地价实施对四川省水电移民工作的影响与对策区片综合地价;水电工程;移民工作	水利工程移民实物指标数字化采集系统开发研究水利水电工程,建设征地移民安置,实物指标,数字化采集
((作者:蒋卫民) ) Date:*-2015	载脂蛋白E基因多态性对血脂康胶囊抑制炎症作用的影响高脂血症,载脂蛋白E,基因多态性,血脂康胶囊,炎症	高脂血症患者载脂蛋白E基因测序分布及其与血脂谱改变的关系载脂蛋白E类,多态性,单核苷酸,高脂血症
关键词:knn算法	基于数据挖掘算法的热压罐固化周期预测研究热压罐,周期预测,数据挖掘算法,支持向量回归,KNN预测	应用特征聚合进行中文文本分类的改进KNN算法KNN算法,中文文本分类,分类贡献模式,特征聚合
后现代现实主义	美国后现代现实主义小说探析后现代现实主义,不和谐标记,不确定性,元小说	理查德·鲍尔斯的后现代现实主义书写理查德·鲍尔斯,后现代现实主义,小说,创作
被动空间	基于能耗模拟分析的建筑空间组织被动设计研究建筑空间组织,被动设计策略,建筑能耗模拟,设计研究	地区建筑营建的被动式节能设计对策的体系化研究——以绿色窑居节能空间的形态设计为例地区建筑营建,被动式设计,体系化,窑居,节能空间
传统建筑装饰元素在现代建筑设计中的运用价值探析	探析传统建筑装饰元素在现代建筑设计中的运用建筑装饰元素,现代建筑,设计	传统建筑装饰元素在现代建筑设计中的运用价值探析传统建筑,建筑装饰应用,装饰元素,现代建筑,建筑设计
ARIMA时序模型	使用ARIMA模型对内蒙古GDP进行时序建模及预测时间序列,ARIMA,GDP,预测	基于粒子群改进BP神经网络的组合预测模型及其应用BP神经网络,粒子群算法,ARIMA模型,灰色理论,组合预测
(航天 or 卫星 or 天基 or 载人) Date:2019-*	我国载人航天电源系统的技术发展成就及趋势载人航天;电源系统;神舟飞船;目标飞行器;空间站;载人月球探测	大型低轨航天器与星座卫星的碰撞风险研究低轨小卫星星座,大型低轨航天器,碰撞风险
施肥  玉米产量	不同施肥量对旱作沟垄集雨种植农田土壤水分及玉米产量的影响旱作区;集雨种植;施肥量;土壤水分;水分利用率;玉米产量	施肥方式对夏玉米农艺性状及产量的影响夏玉米,施肥方式,农艺性状,产量
题名:巨豆三烯酮	巨豆三烯酮的合成及表征羰基保护,羰基加成,氧化异佛尔酮,巨豆三烯酮,表征	香精中巨豆三烯酮E/Z异构体的相对量比和在4种常用气相色谱柱上的出峰顺序巨豆三烯酮,E/Z异构体,合成机理,密度泛函理论计算,二级微扰理论计算
垂直分布	老秃顶子自然保护区森林植被垂直分布格局研究垂直分布;植物多样性;区系成分;老秃顶子	某石化工业园区大气中VOCs垂直分布的无人机监测研究挥发性有机物,垂直分布特征,无人机,石化工业园区,臭氧生成潜势
血常规复检规则	儿童血常规复检规则的探讨复检规则,血细胞分析,儿童	迈瑞CAL8000血液分析流水线联合血涂片镜检在血常规检验中的应用价值迈瑞CAL8000血液分析流水线,复检标准,显微镜镜检,临床应用
蛋白质的高效液相色谱分离方法	纳升液相色谱-高分辨串联质谱研究不同分离方法对唾液外泌体蛋白质组的影响纳升液相色谱-高分辨串联质谱,唾液外泌体,外泌体试剂盒,超高速离心法	肠道病毒71型感染前后宿主细胞蛋白质组的二维液相色谱分离和比较蛋白质组,二维液相色谱分离,肠道病毒71型,宿主细胞
低照度图像增强	基于收缩场学习的Retinex低照度图像增强低照度图像,Retinex模型,图像增强,图像去噪,收缩场(SF)模型	"基于生成对抗网络的空间卫星低照度图像增强低照度图像增强;生成对抗网络;非配对训练;密集连接;相对辨别器
"
崇高康德	康德与黑格尔崇高理论的比较分析康德,黑格尔,崇高理论,美学	论崇高的生命意识——蒋孔阳美学阅读札记美,崇高,蒋孔阳,伯克,语词
汇率计量经济学	影响人民币汇率变动因素的实证分析人民币汇率,货币供应量,国内生产总值,外汇储备	我国进口额的计量经济学研究我国进口额,计量经济学,汇率人均GDP,商品的零售价格,外商的直接投资
生物和物理结合	生物保鲜剂结合物理技术在果蔬保鲜中应用的研究进展果蔬保鲜;生物保鲜剂;物理保鲜技术;组合保鲜技术;研究进展	钯催化烯基苯并噁嗪酮基于内球型机理的线性和不对称烯丙基烷基化反应钯催化,不对称催化,烯丙基烷基化,烯基苯并噁嗪酮,内球型机理
危险品 物流 智能 监控	基于物联网的危险品物流监控系统构建研究物联网,危险品物流,监控系统	基于嵌入式技术的危险品移动车载监控终端系统危险品物流,车载监控系统,S3C2410X,GPRS,嵌入式技术,物联网技术
中国科学院植物研究所 李敏	植物标本资源共享平台与标本数字化能力建设中国数字植物标本馆,标本数字化,技术支撑	深度学习在生态资源研究领域的应用:理论、方法和挑战生态资源,深度学习,神经网络,大数据,理论与工具,应用与挑战
视神经脊髓炎谱系疾病（NMOSD）	2015年视神经脊髓炎谱系疾病诊断标准国际共识解读视神经脊髓炎谱系疾病,诊断标准,指南,水通道蛋白 4	视神经脊髓炎谱系疾病临床特点分析及治疗进展视神经脊髓炎谱系疾病,临床特点,治疗
宏观政策 房地产	政府宏观调控政策对房地产市场的影响分析政府;宏观调控政策;房地产市场;影响	宏观政策对房地产价格影响的作用机理研究货币政策,土地政策,税收政策,限购政策,房地产
浙江省服务贸易国际竞争力分析	基于钻石模型的浙江旅游服务贸易国际竞争力SWOT分析浙江省,旅游服务贸易竞争力,钻石模型	"节能减排要素对高耗能特种设备产业的影响研究——以锅炉产业为例节能减排,高耗能,特种设备,锅炉
"
艾滋病调查	安徽省中学生艾滋病相关知识调查中学生,艾滋病,自愿咨询检测(VCT)知识	艾滋病流行地区儿童艾滋病相关知识态度行为调查获得性免疫缺陷综合征,知识,态度,实践,卫生调查,儿童
文化与经济	论文化与经济文化,经济,相互关系	湖南少数民族文化与经济的互动少数民族,文化与经济,互动
教学方式	论教师教学方式的转变中小学,教师,教学方式	中小学英语教学方式创新中小学英语;教学方式创新;语用能力
关键词:光催化分解水	太阳能光解水制氢的研究进展光催化,氢能,太阳能转换	可见光完全分解水光催化剂Bi0.5La0.5VO4的制备和表征光催化,钒酸铋,钒酸镧,水分解,可见光,固溶体
(作者单位:兴安盟) 关键词:中小学	提高中小学足球校内竞赛水平的措施研究中小学,校内足球,竞赛	体育教学事故的预防与应对体育教学,事故,预防,应对
电话营销	构建电话营销体系 快速提升营销成功率电话营销技能体系,建立信任,引发兴趣,引入产品,促成交易	骚扰电话治理的应对与挑战骚扰电话治理,个人信息保护,网络黑灰产业链,行业协作
输出轴温升	列车车轴温度无线监测系统设计无线传输,实时监测,RF905射频模块,ATmega16L	液粘软起动装置摩擦片温升计算研究软起动装置,摩擦片,温升公式,仿真分析
古建筑测绘	古建筑测绘工作的内容及测绘技术研究古建筑,全站仪测绘技术,倾斜摄影测量技术,三维激光扫描技术	古建筑测绘实习课程思政教学改革探索《古建筑测绘实习》课程;课程思政;教学改革
住院医师规范化培训	标准化病人在住院医师规范化培训中的应用探讨标准化病人,住院医师规范化培训,病史采集	头脑风暴法在外科住院医师规范化培训中的应用头脑风暴,住院医师,规范化培训,外科培训基地
日语复合动词	关于日语复合动词的自他性复合动词,日语,使用频率,调查表,学习者,日本人,外来语,外国人	日语复合动词教学方略初探日语教学,复合动词,教学方略,语义变化
胸腺神经内分泌肿瘤	胸腺神经内分泌肿瘤的临床及CT表现胸腺,神经内分泌肿瘤,X线计算机	胸腺神经内分泌肿瘤的MSCT表现与其病理分级的相关性胸腺,神经内分泌肿瘤,计算机体层成像
MATLAB 增强	数字图像增强算法分析图像增强,直方图均衡化,MATLAB,对比度增强	利用地理信息技术开发教学资源地理教学,课程资源,地理信息技术,海水性质,Matlab
火力发电与节能减排	火力电厂节能减排的现状与对策探究火力电厂,节能减排,对策	中国燃煤电厂超低排放和节能改造的实践与启示煤电,超低排放,节能改造,碳达峰,碳中和
企业招聘	企业招聘存在的问题及对策分析企业招聘,问题,对策	企业招聘中的面试作伪行为及其应对策略面试作伪,动机,能力,机会,招聘
物联网在会计信息化发展中存在的问题	"""互联网+""视角下会计管理服务信息化现状研究——以陕西省会计管理服务为例""互联网+"",会计管理服务,信息化,移动互联"	“互联网+”下高校财务管理信息化协同创新与应用“互联网+”,财务管理信息化,动态协同
患者创伤后成长	烧伤患者创伤后成长与社会支持及反刍性沉思的相关性研究烧伤康复期患者;目的性反刍性沉思;社会支持;创伤后成长	癌症患者创伤后成长的研究进展创伤后成长,癌症患者,研究进展
放线菌素D	深海链霉菌 Streptomyces sp.OUCT16-23中放线菌素类次级代谢产物的研究深海链霉菌;多重耐药;放线菌素	老年住院患者使用抗菌药物发生不良反应的危险因素分析及风险列线图模型的建立老年住院患者,抗菌药物,不良反应,危险因素,列线图
玻璃断裂	防辐射含钆有机玻璃的断裂韧性研究?含钆有机玻璃,紧凑拉伸,断裂韧性,断裂机理	可切削玻璃陶瓷疲劳断裂的微观机制玻璃陶瓷,疲劳,断裂,显微组织分析,断口分析
记忆的空间性	记忆的空间性及其对虚构叙事的影响原生事件,意识事件,记忆,空间性,虛构叙事,空间形式	主持人语-记忆的空间性及其对虚构叙事的影响原生事件,意识事件,记忆,空间性,虚构叙事,空间形式
我国服装企业走出去	服装行业向东南亚迁移模式研究走出去,服装,东南亚,迁移	中国纺织服装企业赴越投资现状及环境分析纺织服装企业,越南,对外投资,投资环境
饲草业现状	我国饲草生产现状及发展对策粮改饲,饲草,生产现状,供需分析,发展对策	浅谈宁洱县肉牛产业发展的思路和措施宁洱县;肉牛;品种改良;饲草饲料;疫病防控
老年高血压药物治疗	老年人高血压的临床特点及药物降压治疗的临床价值老年人;高血压;临床特点;药物降压治疗;临床价值	老年高血压病患者使用降压药治疗的临床药学服务老年高血压病病患,降压类药物治疗,临床药学服务
非计划再手术	非计划再手术原因分析与思考非计划再手术,手术并发症,围手术期管理	脂蛋白a水平与CHD患者PCI术后1年内主要不良心血管事件的相关性脂蛋白a;冠心病;经皮冠状动脉介入手术;主要不良心血管事件
虚拟筛选、药效因	马氏珍珠贝来源DPP-Ⅳ抑制活性肽的虚拟筛选及其作用机制马氏珍珠贝;二肽基肽酶Ⅳ;药效团模型;肽;分子对接	抗新型冠状病毒方剂基于花生四烯酸代谢通路防治“细胞因子风暴”的研究新型冠状病毒,“细胞因子风暴”,花生四烯酸代谢通路,虚拟筛选,中药
安徽省农产品出口贸易	绿色贸易壁垒对安徽省农产品出口贸易的影响及对策绿色贸易壁垒,安徽省,农产品出口,影响,对策	绿色贸易壁垒对安徽省农产品出口贸易的影响及对策研究安徽,出口,绿色贸易壁垒,农产品
语文课堂实录	《我与地坛》教学设计及课堂实录《我与地坛》,教学设计,课堂实录	《我与地坛》教学设计及课堂实录《我与地坛》,教学设计,课堂实录
毫米波制导	国外激光成像探测系统的发展现状及其关键技术成像探测,激光成像,雷达,制导,引信	有源诱饵弹对抗毫米波制导武器仿真分析毫米波,有源诱饵弹,毫米波制导
气雾剂正确使用	我国城区门诊支气管哮喘患者疾病认知状况的调查分析哮喘,问卷调查,横断面研究,疾病认知	同质化服务对慢性阻塞性肺疾病患者使用气雾剂的应用慢性阻塞性肺疾病,同质化服务,气雾剂
中国民间借贷	基于P2P网络借贷的民间借贷互联网化研究P2P网络借贷,民间借贷,互联网化	我国普惠金融的发展现状及前景普惠金融,发展现状,问题,措施,发展前景
血栓弹力图心内科	血栓弹力图在不稳定心绞痛患者病情评估及PCI术后抗血小板治疗中的临床价值心绞痛,不稳定型,血栓弹力描记术,血管成形术,经腔,经皮冠状动脉	银杏叶片对冠心病介入治疗术后患者抗血小板抑制功能的影响银杏叶,经皮冠状动脉介入治疗,血小板抵抗
医学生考核评价体系	基于SNA的临床医学专业研究生教育质量评价指标体系构建临床医学专业研究生,质量评价体系,社会网络分析法,UCINET	临床医学专业本科生创新能力培养体系的构建和实践分析临床医学专业;本科生;创新能力;培养体系
关键词:血压血透	维持性血液透析患者低血压发生现状及影响因素分析维持性血液透析,低血压,现状,影响因素	血液滤过治疗血液透析伴发顽固性高血压效果及安全性分析血液滤过,血液透析,顽固性高血压
生物医学的发展	新时代学科交叉背景下的生物医学工程专业培养体系建设生物医学工程,学科交叉,课程体系	微流控SERS及其在生物医学应用的研究进展微流控芯片,SERS,检测,生物医学
大学生兼职	在校大学生兼职情况调查当代大学生,兼职,现状	谈大学生兼职大学生兼职,劳动关系,保护
拖拉机使用	拖拉机使用操作注意事项拖拉机;使用操作;注意事项;检查维护	大马力拖拉机使用中的注意事项大马力拖拉机,使用,注意事项
吗替麦考酚酯 麦考酚肠溶片	强化剂量与标准剂量霉酚酸类药物用于成年肾移植受者有效性与安全性比较的Meta分析霉酚酸类药物,吗替麦考酚酯,麦考酚钠,强化剂量,标准剂量,肾移植,Meta分析,有效性,安全性	我院肾病综合征超说明书用药分析肾病综合征,超说明书用药,超适应证
我国社区发展	我国城市基层社会管理体制的变迁:从单位制、街居制到社区制社会管理,体制变迁,单位制,街居制,社区制	我国城市基层社会管理体制的变迁:从单位制、街居制到社区制社会管理,体制变迁,单位制,街居制,社区制
二氧化钛光催化	石墨烯/二氧化钛光催化复合薄膜的研究进展石墨烯,二氧化钛,光催化,复合薄膜	等离子体条件下二氧化钛表面自掺杂及光催化性能研究等离子体;二氧化钛;表面氧缺陷;Ti3+自掺杂;可见光光催化
翻译美学	翻译美学初探翻译美学,必要性,音韵美,形式美,意境美	浅析朱纯深《荷塘月色》中的翻译美学《荷塘月色》;翻译美学;和谐美;意境美;结构美;修辞美
宁波市第六医院  朱李梅	锁定钢板用于胫骨远端骨折外固定的有限元分析胫骨骨折,锁定钢板,外固定,有限元分析	带线锚钉与锁骨钩钢板治疗肩锁关节脱位疗效比较肩锁关节,脱位,锁骨,钩钢板,带线锚钉,内固定
渔业健康养殖	"实施水产绿色健康养殖""五大行动"",补水产养殖业发展之短板水产养殖,绿色发展,短板,""五大行动"""	关于水库渔业健康养殖技术的研究水库,渔业,健康,养殖技术
作者:张盼	知信行模式护理在青光眼患者护理过程中的应用知信行模式护理;青光眼;应用	间歇性经口至食管管饲法对脑卒中伴吞咽障碍患者吞咽功能、营养状况及长期预后的影响脑卒中;吞咽障碍;营养状态;间歇性经口至食管管饲;长期预后
房地产开发现状	浅谈房地产开发企业全面预算管理现状及对策房地产;预算管理;对策	目标成本管理在房地产开发企业的现状及改进策略目标成本管理;房地产开发企业;管理问题;改进策略
膝关节骨关节炎临床路径	临床护理路径联合中医辨证施护的整体化护理对膝关节骨关节炎的效果中医辨证施护 ,临床护理路径 ,整体化护理 ,膝关节骨关节炎	浅析临床护理路径对膝骨性关节炎病人的影响临床护理路径;膝骨性关节炎;临床影响
白三烯受体拮抗剂治疗咳嗽变异性哮喘	孟鲁司特钠治疗咳嗽变异性哮喘的研究进展孟鲁司特钠,咳嗽变异性哮喘,发病机制,治疗机制	药物联合应用对咳嗽变异性哮喘患儿的症状改善及复发率的影响咳嗽变异性哮喘;布地奈德福莫特罗粉吸入剂;白三烯受体拮抗剂
溶质在超临界二氧化碳中的溶解度	改进密度模型计算溶质在超临界CO2中的溶解度溶质,超临界二氧化碳,溶解度,模型	WNN优化模型在模拟超临界二氧化碳中固体溶解度的应用小波神经网络,优化,固体溶解度,超临界二氧化碳,模拟忖
失能老人	养老机构失能老人护理服务内容及实施者资质的研究老年人保健服务,德尔菲技术,护理人员,卫生人力	我国老年人失能失智及长期照护的现状失能,失智,长期照护,需求
(防粘连) Date:2016-2021	宫腔镜下宫腔粘连分离术后预防再粘连方法比较宫腔粘连,宫内节育器,球囊支架,Interceed防粘连膜	防治手术后腹腔粘连屏障材料:生物特性及优势与不足术后腹腔粘连,病因病机,相关因素,防治措施,屏障材料,生物材料
(掩盖苦味) Date:2016-2021	矫味剂在掩盖中药苦味中的应用矫味剂,中药,味苦	口服制剂中苦味物质矫掩味的高分子材料概述口服制剂,掩味,苦味药物,高分子材料
项目教学法	试论德语教学中的项目教学法项目教学法,德语教学,语言能力,综合能力	基于项目教学法的大学英语阅读教学探究项目教学法,大学英语,阅读教学
码头 通过能力	国内外港口工作可作业时间分析方法港口作业,可作业时间,作业天数,不可作业率,时间序列	"案例教学法在""港口规划与平面布置""课程教学中的应用研究港口航道与海岸工程,教学研究,案例教学"
水热法生长ZnO纳米线	ZnO纳米线阵列生长参数及光学性质ZnO,纳米线阵列,水热法,光致发光	水热因素对ZnO纳米材料气敏性能的影响纳米材料,纳米棒,气敏传感材料,氧化锌(ZnO),水热法
文献综述	犯罪治理主体研究文献综述犯罪治理;犯罪治理主体;文献综述;重点建议	我国老年社区护理研究的系统文献综述研究社区护理,老年,系统文献,综述研究,文献计量学分析
作者:陈学文	XRD的TA10钛合金热压缩变形后位错演化分析TA10钛合金,热压缩,X射线衍射,位错演化,晶面,位错密度	TA10钛合金热加工图的建立及分析TA10钛合金,热压缩,应变,热加工图
(智能实验室信息管理系统) Date:2016-2021	实验室信息管理系统的自主开发实验室管理;互联网+;模糊查询;线上业务	基于物联网的实验室信息管理系统物联网,实验室管理,远程监控,自助借还,ZigBee,WiFi
LED驱动电源	新型高效LED驱动电源新型LED驱动电源;线性控制;无变压器;无极性电容器	一种高效低纹波调光LED驱动频闪的研究LED驱动电源,频闪,调光,纹波电流,调光曲线
英语阅读学习策略	浅析基于多模态理论下我国大学英语阅读学习策略研究多模态理论,英语阅读学习策略,多模态英语阅读教学	"大学生英语阅读学习策略培训的行动研究策略培训,元认知策略,认知策略,阅读教学
"
《方舆胜览》	祝穆与《方舆胜览》散论北图本,文字讹误,中华书局,宋本,四库全书,抄本,地理志,地志,郡县,唐人	"祝穆《方舆胜览·徽州》——南宋士人的""个性化""乡土记述《方舆胜览》,徽州,乡土记述,私人话语"
减振扣件	北京地铁5号线地下线减振措施现场测试与分析地铁,减振措施,现场测试,频谱分析,振动加速度级	北京地铁钢轨波磨测试分析北京地铁,钢轨渡磨,振动加速度测试,噪声测试,模态测试
王强神木	陕西省神木县2012-2015年肿瘤发病分析肿瘤,发病率,肿瘤学统计	跟骨骨折的手术治疗跟骨骨折,撬拨法,开放复位,植骨
甲午海战反思	透过电影《甲午海战》看真实历史下的中日战争《甲午海战》,中日战争,历史,反思	中国之道的转折点:严复对甲午海战的观察与反思严复,甲午战争,以止足为教,寻求富强
(股权激励) 刊名:会计研究	上市公司为什么选择员工持股计划?——基于市值管理的证据员工持股计划,股价崩盘,大股东股权质押,大股东减持,市值管理	上市公司为什么选择员工持股计划?——基于市值管理的证据员工持股计划,股价崩盘,大股东股权质押,大股东减持,市值管理
新生儿高氨血症	早发型甲基丙二酸尿症160例新生儿期异常表现有机酸尿症,甲基丙二酸尿症,高同种半胱氨酸血症,新生儿	血浆同型半胱氨酸水平及临床诊断意义同型半胱氨酸,冠心病,临床诊断
慢病监测	信息系统在慢性病监测中的应用信息系统,慢性病,信息化	慢性病实时监测在医院慢性病管理中的实践慢性病;实时监测;医院慢性病管理
能愿动词情态动词	汉语能愿动词语际迁移偏误生成原因初探能愿动词,语际迁移,偏误	基于功能的英汉语情态隐喻对比研究情态隐喻,非一致式,及物性过程,主客观取向,三级量值
工商管理信息化发展策略创新探究	工商管理信息化发展策略创新探究工商管理,信息化,发展策略,创新探究	工商管理信息化发展策略创新探究——以京蓝科技股份有限公司为例工商管理,信息化,策略
实证研究	盈余管理实证研究综述盈余管理,审计,公司治理,应计项目,实证研究	会计信息影响股票价格的简化模型的实证研究会计信息,股票价格,因子分析,实证研究
健康必读	健康教育对冠心病患者疾病知识及自我管理的影响冠心病;心血管内科;健康教育;病理知识;自我管理能力	关于赤峰市地区布病血清检测及结果研究赤峰市;布病;血清检测;结果
输血相容性试验质控品	回顾性分析我院输血相容性检查室内质控品临床应用评价输血相容性检查,室内质控品,重复性,稳定性	"弱凝集标本对输血相容性室内质控的意义弱凝集,室内质控
"
关键词:耐高温涂料 配方设计	无溶剂环氧涂料耐热性能的研究无溶剂环氧涂料,耐高温,配方设计	含铝磷酸盐耐高温防腐蚀涂料制备及施工工艺的研究磷酸盐,铝粉,耐高温,防腐蚀,施工工艺
医患关系的影响因素分析	医方视角下医患关系的影响因素分析及政策选择医患关系,影响因素,政策选择,医学伦理,医德	影响医患关系的不和谐因素分析影响医患,关系,不和谐,因素
员工情绪耗竭	工作不安全感与情绪耗竭:情绪劳动的中介作用工作不安全感,情绪耗竭,情绪劳动,资源保存理论	工作满意对情绪劳动策略影响实证研究工作满意,满意氛围,情绪劳动,情绪劳动策略,情绪耗竭,多层线性模型
1917墨西哥	墨西哥革命与第一次世界大战期间的英美墨关系墨西哥革命,威尔逊,卡兰萨,英美关系	从“完美独裁”到“不完美的民主”——墨西哥政治转型与民主质量评析墨西哥,威权,民主转型,二次政党轮替,民主质量
转基因动物表达	转基因动物乳腺通用表达载体的构建表达载体,羊β乳球蛋白,内含子,乳腺	"利用Cre/lox重组系统在转基因动物中筛选高效表达外源基因的""友好""基因座loxP,lox511,Cre重组酶,友好基因座,高效表达"
关键词:人际需求	护理人际沟通课程实施双语教学需求的调查护理人际沟通,双语教学,需求	关于活跃社区文化的思考社区文化,居民文化生活,精神支柱,城市文化,文化需求,社区居民,精神家园,人际关系
大学生兼职	大学生兼职权益法律保护调查研究——以山西省在校大学生为例在校大学生;兼职;权益保护;法律维权	大学生兼职中的民法问题及对策大学生兼职,民法,法律问题,解决对策
微胶囊制备技术	微粉技术用于西黄软胶囊的制备微粉技术,西黄软胶囊,制备	聚合物微胶囊制备技术在实验教学中的应用聚合物微胶囊,实验教学,扫描电子显微镜
医疗信息管理系统	一种安全的无线体域网医疗信息管理系统研究与设计无线体域网,零知识证明,零水印技术,AES,医疗信息管理	医疗设备电子信息管理系统的设计与实现医疗,信息,设备管理
中国物流体系发展趋势	智慧物流发展现状及未来趋势智慧物流;发展;路径	智慧物流发展现状及趋势分析智慧物流,发展现状,趋势分析
实习护生	多元化护理教学在实习护生带教中的应用多元化护理教学;实习护生;临床带教	基于案例分析的思维导图法在本科实习护生急症护理教学中的应用案例分析,思维导图,本科实习护生,急症护理,教学
表征性空间	《宠儿》中的“空间表征”之争社会空间,空间表征,空间实践,表征空间	图形-背景空间概念及其在语言中的隐喻性表征空间概念,图形-背景分离论,图形,背景,隐喻
性知识调查	2010年全国第五次结核病流行病学抽样调查报告结核,肺/流行病学,患病率,抽样研究,问卷调查	国有企业知识型员工激励机制的现状调查及改进策略国有企业,知识型员工,激励机制,改进策略
重症哮喘 死亡率	机械通气在重症哮喘合并呼吸衰竭急救中的应用效果机械通气,重症哮喘,呼吸衰竭,血气指标,死亡率	急诊抢救重症哮喘合并呼吸衰竭128例临床效果分析急诊抢救,重症哮喘,呼吸衰竭,无创正压通气
(甘蔗原糖) 关键词:脱色	磷酸法蔗渣制备活性炭研究蔗渣,磷酸法,活性炭	精制糖脱色工艺-树脂与活性炭脱色技术经济性对比精制糖,脱色工艺,离子交换,活性炭
吸收式制冷发展趋势	吸附式制冷循环利用工业余热的研究现状和发展趋势制冷,工业余热,吸附武制冷,现状,发展	形状记忆合金弹热效应研究进展弹热效应,形状记忆合金,马氏体相变,超弹性,Ni-Ti合金,Ni-Mn-Ga合金
(碳纤维的结构) 关键词:碳纤维结构	碳纤维表面微观结构的定量化表征方法碳纤维,扫描电镜,图像处理,沟槽,Weibull分布	不同基体碳对单向C/C复合材料导热性能的影响C/C复合材料,导热性能,基体碳
高中思想政治学科核心素养	基于学科核心素养培育的教学与课标一致性 ——以高中思想政治课教学为例学科核心素养,思想政治教学,课程标准,一致性	高中思想政治学科核心素养下活动型课程构建策略思想政治学科,核心素养,活动型课程,构建措施
抗菌药物临床应用指导原则	对抗菌药物的临床应用问题及管理对策分析抗菌药物,应用问题,管理对策	普外科围术期抗菌药物的应用分析普外科,围术期,抗菌药物,应用分析
本科人工智能教学	"美国一流研究型高校人工智能人才培养的经验与启示——基于""以学生为中心""的视角本科教学,人才培养模式,人工智能,以学生为中心,美国高校"	"美国一流研究型高校人工智能人才培养的经验与启示——基于""以学生为中心""的视角本科教学,人才培养模式,人工智能,以学生为中心,美国高校"
急性心梗死	血清PCT、D二聚体及BNP在急性心肌梗死患者PCI后心功能及预后的临床价值降钙素原;D二聚体;脑钠肽;急性心肌梗死;经皮冠脉介入术;预后	"社区健康管理对急性ST段抬高型心肌梗死患者PCI术后高凝状态的改善社区健康管理;PCI术后;急性ST段抬高型心肌梗死;高凝状态
"
苏联经验	苏联社会主义工业化的历史进程及其经验教训苏联,工业化,五年计划,历史进程	陈云总结借鉴苏联社会主义建设经验教训的重要论述和思想陈云,经济建设,苏联模式,经验教训
(光学测试技术) 关键词:激光多普勒	连续模式相干测风激光雷达性能优化分析及实验研究多普勒激光雷达,连续激光,相干探测,载噪比,本振光功率	光频扫描干涉绝对测距漂移误差与补偿方法研究测量,干涉法,可调谐激光器,漂移误差,绝对测距
作者:张芬	神经肌肉电刺激联合向心性缠手治疗脑梗死后肩手综合征效果分析脑梗死;肩手综合征;神经肌肉电刺激;向心性缠手	癫痫患者出生日期的五运六气分析五运六气,癫痫,出生日期
HIV免疫学	昆明社会福利院入住人员血源性传染病免疫学指标检测结果分析昆明市,“三无”人员,血源性传染病免疫学	HIV/AIDS与肝炎病毒感染者CD4+、CD8+淋巴细胞数的比较HIV/AIDS,病毒性肝炎,CD4+T细胞,CD8+T细胞
克隆人·	《别让我走》中替罪羊迫害范式《别让我走》,克隆人,替罪羊	生态主义视角下的《机械姬》《机械姬》,科幻电影,生态主义
变压器差动保护与过激	变压器差动保护与过激磁保护配合问题的探讨比率制动,差动保护,过激磁,配合	"广州换流站换流变压器差动保护附加闭锁功能浅析励磁涌流,过激磁电流,差动保护,KBCH130,7UT 513,换流变压器
"
测绘工程	浅议测绘工程测量技术测绘工程,测量技术	新工科背景下测绘工程专业创新型人才培养研究与实践测绘工程;建设理念;创新型;新工科;研究与实践
水光注射技术	不同针头新型水光针注射技术对面部年轻化的作用比较面部年轻化,水光针注射技术,治疗效果,并发症,年轻化	脂肪源性干细胞联合透明质酸在皮肤年轻化中的疗效观察脂肪源性干细胞,透明质酸,皮肤年轻化,水光注射
球囊促宫颈成熟	子宫颈扩张球囊联合缩宫素在足月妊娠期高血压和轻度子痫前期患者引产的临床效果研究子宫颈扩张球囊,妊娠期高血压,子痫前期,缩宫素,引产	COOK宫颈扩张球囊用于足月妊娠分娩480例临床分析促宫颈成熟,COOK宫颈扩张球囊,缩宫素
PDA目标跟踪	多目标跟踪中的数据关联和航迹管理多目标跟踪,数据关联,航迹管理,多维概率数据关联	无线传感器网络的信息处理研究无线传感器网,协同信号与信息处理,最早截止期优先,(m,k)-firm
高层建筑暖通空调防排烟	高层建筑暖通空调防排烟施工技术与应用探讨高层建筑,暖通空调,防排烟施工技术,应用	试论高层建筑暖通空调防排烟施工技术与应用高层建筑,暖通空调,防排烟技术
(炎症性肠病) 关键词:发病机制	Th17细胞在炎症性肠病发病机制作用的研究进展炎症性肠病,发病机制,Th17细胞	炎症性肠病的实验动物模型的研究进展炎症性肠病,动物模型,实验性结肠炎,病因学,发病机制
湖南药用植物现状	芒萁的生态学与资源利用研究进展芒萁;草本植物;生态恢复;超富集植物;药用资源;林下植被;化感效应	木槿种质创新途径及研究展望木槿,种质创新,育种方法,种质资源,研究展望,选择育种,杂交育种,辐射育种,倍性育种
渐进多焦点镜 青少年	渐进多焦点眼镜对青少年近视眼作用的研究近视,青少年,渐进多焦点眼镜	青少年应慎配渐进多焦点镜片青少年,慎配,渐进多焦点镜片
关键词:细胞因子 骨折愈合	微创植骨治疗胫骨中下段骨折不愈合的疗效及对患者炎症细胞因子的影响胫骨骨折;微创植骨;疗效;炎症细胞因子	糖尿病大鼠骨折愈合过程中炎症细胞因子的变化糖尿病,大鼠,骨折愈合,细胞因子类
荧光各向异性	应用荧光偏振技术研究缺氧再灌注培养血管内皮细胞膜流动性膜流动性,DPH探针,缺氧再灌注,血管内皮细胞	生物碱类中药组分荧光标记方法的建立及评价荧光偏振,荧光各向异性,异硫氰酸荧光素,盐酸麻黄碱
温室防灾	不同天气状况下日光温室气温与外界气象条件定量关系日光温室;内外温度关系;不同天气条件;连阴天	初中地理防灾减灾教育教学措施探讨初中教育;地理教学;防灾减灾
纤维素酶结构	纤维素酶分子结构和功能研究进展纤维素酶,催化结构域,纤维素结合域结构域,分子折叠,活性位点,双置换机制	纤维素乙醇产业化纤维素,乙醇,产业化,生物精练
年轻人理性消费	年轻人消费观念转变的原因及其影响消费观念,信贷产品,理性消费	浅析大学生超前消费行为原因及对策大学生,超前消费,引导
冲量式流量计	光电式固体微粒流量计的理论模型与试验研究微粒固体,质量流量计,光学计量,计算机层析成像	科氏力秤入窑生料计量与控制系统新型干法水泥,科氏力秤,入窑生料,计量控制
禁忌语  日语	漫谈日语禁忌语的存在及其作用禁忌语,信仰,职业,特定时间,特定场合,触秽	日汉禁忌语的分类研究日汉,禁忌语,委婉语,心理特征,跨文化交际
圆形储水池	钢筋混凝土圆形水池裂缝分析与处理水池,裂缝,温度作用	地面式钢筋混凝土圆形水池液固耦合模态分析水池,液固耦合,ADINA,模态分析,晃动周期
(一种新型雾化器) Date:2015-2021	改良型一次性雾化器的设计和应用方法气道湿化,气管切开,持续湿化	电加热雾化技术在降低卷烟烟气有害成分中的应用研究电加热雾化,卷烟主流烟气,减害,有害成分
电动车噪声	面向噪声品质优化的减速器箱体结构设计减速器,拓扑优化,形貌优化,噪声品质,心理声学	电动车用永磁同步电机非线性扭转振动模型电动车,永磁同步电机,非线性,扭转振动,模型
电子对抗	基于马赛克战的电子对抗装备体系构建研究马赛克战;岛礁;防空作战;电子对抗;体系构建	电子对抗在中国的起源与早期发展历程回顾电子对抗历史,中国电子对抗的起源,通信对抗,通信侦察,通信干扰,欺骗干扰,无线电通信侦听,密码破译
模型参考自适应 转动惯量	永磁交流伺服系统转动惯量辨识方法永磁交流伺服系统,转动惯量辨识,加减速法,模型参考自适应辨识,二分法	永磁同步电机的转动惯量辨识及状态估计模型参考自适应,转动惯量辨识,卡尔曼滤波器,状态估计,永磁同步电机
术前准备间	术前准备间在普外手术中的应用术前准备间,普外手术,周转时间,护理质量,工作效率	术前准备间在普外手术围手术期的作用探讨术前准备间,普外手术,围手术期
髋臼骨折（股骨髁上牵引治疗）	髋臼骨折的治疗体会髋臼骨折,治疗,体会	计算机辅助设计数字化钢板置入修复髋臼后壁骨折伴髋脱位植入物,数字化骨科,髋臼后壁骨折,计算机辅助设计,髋脱位,数字化钢板
第一炉香	以热忱灵魂作光影书写——论许鞍华改编张爱玲作品的作者性追寻许鞍华;张爱玲;改编;作者性	"看歌仔戏话""杂碎调""——记述纪招治老师的戏曲人生闽台地区,歌仔戏,曲调"
肺炎支原体肺炎	难治性肺炎支原体肺炎诊治中应关注的问题肺炎支原体,难治性,肺炎,诊断,治疗	儿童肺炎支原体肺炎的CT表现肺炎,支原体,CT,儿童
微塑料/胃	不同粒径微塑料颗粒亚急性染毒对雄性小鼠生殖毒性的影响微塑料,生殖毒性,氧化应激	"南海虎斑乌贼组织微塑料检测微塑料,蕛斑乌贼,组织,HNO3/H2O2
"
俯卧位通气在急性呼吸窘迫综合征 治疗中的研究进展	俯卧位通气治疗急性呼吸窘迫综合征研究进展急性呼吸窘迫综合征,机械通气,俯卧位	面对急性呼吸窘迫综合征——我们有太多临床未知急性呼吸窘迫综合征,诊断方法,治疗策略
机床防护罩设计	立式加工中心全封闭防护罩设计加工中心,全封闭,防护设计	机床导轨防护罩结构设计参数的计算机床,导轨防护罩,结构设计,公式,参数
"(纪念辛亥革命) 关键词:""纪念"""	中国共产党成立以来对辛亥革命的纪念与评价中国共产党,辛亥革命,纪念活动,评价,无产阶级政党,政治现象,文化现象	论新中国辛亥革命纪念活动的社会功能辛亥革命,纪念活动,祖国统一
DSD美学	DSD在前牙美学修复中的应用要点与临床效果探究口腔美学,数字化微笑设计,前牙美学修复	ezDSD软件在前牙美学修复中的应用数字微笑设计,前牙美学修复
价值链分析 大宗商品	基于价值链分析的舟山港大宗散货物流体系发展对策研究舟山港,大宗散货,物流体系,价值链,发展战略	基于价值链分析的舟山港大宗散货物流体系发展对策研究舟山港,大宗散货,物流体系,价值链,发展战略
公路桥梁设计荷载及其组合研究	公路桥梁设计荷载及其组合研究公路桥梁,设计荷载,组合形式	公路桥梁设计荷载及其组合研究公路桥梁,安全性,设计
葡萄酒 元素	应用ICP-MS测定进口葡萄酒中12种元素的含量进口葡萄酒;微量元素;电感耦合等离子体质谱;铝;铁	河西走廊张掖地区土壤、葡萄及葡萄酒矿质元素特征分析火焰原子吸收光谱法,葡萄园土壤,赤霞珠,葡萄酒,矿质元素
以奖代补	对发达地区0-3岁儿童托育服务市场的调查与思考——以南京市为例南京市,0-3岁儿童托育服务,托育机构	大型体育场馆在公共体育服务体系中的职能分析大型体育场馆,公共体育服务,基本公共服务,职能
实验室耗材管理	高职院校茶艺实验室耗材管理系统的研究与设计——以北京农业职业学院为例实验室,耗材管理,信息系统	浅析如何开展实验室耗材管理工作如何开展,实验室耗材,管理工作
扭矩传感器的发展	声表面波扭矩传感器的原理及应用综述声表面波,扭矩传感器,工作原理,应用	声表面波传感器在汽车电子领域的潜在应用研究汽车传感器,声表面波(SAW)传感器,压力传感器,温度传感器,扭矩传感器
约化质量	引入约化质量 破解物理竞赛中的二体问题约化质量,二体问题,物理竞赛	一种最大化服务质量的可分任务调度模型可分任务调度,服务质量,遗传算法,约束优化
购买力平价理论	购买力平价理论的应用探析购买力平价,汇率决定,国际比较	"购买力平价理论的演进以及在我国的拓展购买力平价理论,工资成本汇率理论,PPP的""生产率-市场化""修正模型"
(PICC) 关键词:扩皮	赛丁格PICC置管两种扩皮角度对渗液影响的研究经外周置人中心静脉导管,塞丁格技术,扩皮,穿刺点渗液	分析改良式扩皮方法预防PICC置管后出血的效果改良式扩皮方法;预防;PICC置管;出血
无人机 边缘计算	无人机边缘计算网络:架构,关键技术与挑战无人机;边缘计算;软件定义网络;网络功能虚拟化;协作卸载	无人机接替场景中相似度感知的边缘计算缓存算法边缘计算,相似度感知缓存算法,无人机,接替边缘节点
微时代背景下高职学生管理工作创新研究	"""微时代""背景下高职学生管理工作创新研究""微时代"",高职院校,学生管理工作,创新,研究"	"""微时代""背景下高职学生管理工作创新研究""微时代"",高职教育,学生管理,创新研究"
糖尿病现状	贵州省2型糖尿病和糖尿病前期流行现状及影响因素分析糖尿病前期,糖尿病,2型,影响因素,流行现状	糖尿病视网膜病变病人知觉压力现状及影响因素分析糖尿病视网膜病变/心理学,知觉,现状,影响因素,横断面研究
言语行为 会话含义	言语行为和会话含义及其语体意义研究言语行为,会话含义,语体,英语	间接语言的解释机制语言间接性,解释理论,言语行为,会话含义,话语分析
泉州金融服务实体经济	金融服务实体经济探索——泉州金融改革模式与启示金融改革试验区,实体经济,民营企业,泉州经验	金融服务实体经济综合改革试验区成效及展望——基于福建泉州经验区域金融改革,金融创新,实体经济,展望,泉州
5-羟色胺受体 干细胞 成骨	神经肽类物质在骨代谢与骨再生中的调控作用神经肽,成骨细胞,破骨细胞,信号通路,骨组织工程	神经受体在人骨髓源性神经细胞上的表达骨髓间充质干细胞,分化,神经细胞,神经受体
钱静 江南大学	疫苗温度标签的制备及显色动力学疫苗温度标签;2,4-己二炔-1,6-二烷基脲;重结晶;共结晶;活化能	粘质沙雷氏菌膜结合葡萄糖酸脱氢酶的分离纯化及其酶学特性粘质沙雷氏菌,2-酮基葡萄糖酸,膜结合葡萄糖酸脱氢酶,分离纯化,酶学特性
郑文旭 大连市友谊医院	脑梗死患者血清微量元素与梗死面积及神经功能缺损铜,锌,锰,超氧化物歧化酶,丙二醛,铁	分析TCD发泡试验对青年隐源性卒中病因诊断的临床应用价值青年隐源性卒中,TCD发泡试验,TEE检查
过载对固体火箭发动机性能影响试验研究	过载对固体火箭发动机性能影响试验研究固体火箭发动机,飞行过载模拟试验,内弹道,喉衬偏心烧蚀,绝热层烧蚀	过载对固体火箭发动机影响的研究固体火箭发动机,旋转过载试验,绝热层
球囊促宫颈成熟	COOK宫颈扩张球囊促宫颈成熟并引产的有效性、安全性及使用技巧产程,第一,宫颈成熟,诱导	早发型重度子痫前期分娩方式及母婴结局分析早发型重度子痫前期,分娩方式,母婴结局
新生儿筛查	永久性甲状腺功能减低症患儿相关基因突变的研究甲状腺,永久性甲状腺功能减低症,基因,突变,新生儿筛查	家族性甲状腺功能减退症的新生儿筛查及治疗转归先天性甲状腺功能减退症,家族性,新生儿筛查,智力发育
文化治理	乡村文化治理:能动空间与实践路向公共文化;乡村文化治理;软治理;公共性	公共文化服务体系共建共享的社会动因与路径选择 —— 基于文化治理的视角公共文化服务体系,共建共享,文化治理,公共理性
师生关系与化学教学	重审师生关系，讲究教学效率--高中化学和谐高效课堂教学策略探析高中化学,和谐,高效课堂,教学策略	"参与式教学法在有机化学实验课程教学中的应用参与式教学,实验教学,有机化学实验,核心课程
"
边际报酬	基于产业生态平台的供应链金融模式研究:理论分析与案例实证供应链金融,互联网供应链金融,产业生态圈,小微企业,融资	互联网促进高技术产业创新效率提升研究中国经济;互联网;高技术产业;创新效率;门槛效应
药品不良反应与安全用药	药品不良反应与安全用药不良反应,安全用药	浅谈药品不良反应与安全用药临床;不良反应;安全用药
全面预算管理文献综述	企业全面预算管理文献综述全面预算管理,预算管理模式,预算管理体系构建	内部控制评价体系相关文献综述内部控制,不同视角,评价体系
幼儿教育 素质教育	基于核心素养的幼儿园教师专业促进路径幼儿园教师,核心素养,专业发展,教师培训	当前我国借鉴蒙台梭利教育法的主要误区、关键问题与基本思路幼儿教育,教育改革,蒙台梭利教育法,蒙台梭利教师
浮世草子	日本元禄小说的顶峰--浮世草子井原西鹤,浮世草子,好色:町人	"""三言二拍""与井原西鹤的""浮世草子""之文化比较--以中日市民道德意识异同为中心""三言二拍"",市民阶层,浮世草子,市民道德,井原西鹤,文化比较,利他主义,""义"",道德意识,文化精神"
PLC控制系统	轮胎胶囊硫化机分布式PLC控制系统轮胎胶囊硫化机,可编程控制器,分布式控制系统	PLC在卷边机控制系统中的应用卷边机,PLC,控制系统
技改大修	电力工程的技改大修工程管理初探电力工程,技改大修,工程管理	技改大修项目管理中存在的问题及对策分析技改大修,项目管理,电力工程
莫言 女性	20世纪女性之灵与肉的血泪史--论莫言笔下的女性形象人性美,悲剧美,母性美	论莫言小说女性人物塑形中的人性退化莫言小说,女性,塑形,人性退化
作者:叶航	作为异质性偏好的禀赋效应:来自神经经济学的证据禀赋效应,异象,行为实验,神经实验,神经经济学	第三种叙事方式:对休谟法则的超越休谟法则,道德律令,人类的趋社会性,社会规范的内部化
我国公务员培训制度	论我国公务员培训制度的完善公务员,培训制度,完善	浅析事业单位人事档案管理存在的问题及对策事业单位,人事档案管理,对策
作者单位:怀化学院化学与材料工程学院	Ti3C2TxMXene/聚乙烯醇复合材料的介电性能Ti3C2Tx;MXene;聚乙烯醇;介电常数;介电损耗	高分子材料综合实验教学方法改革探讨高分子材料,应用型,复合型技术人才,实验教学改革
钛酸铋钠	钛酸铋钠基陶瓷及其复合薄膜的制备与介电性能钛酸铋钠,复合薄膜,聚偏氟乙烯,介电	Bi1/2Na1/2Ti1-x(Mo1/3W1/3)xO3系无铅压电陶瓷介电和压电性能的研究钛酸铋钠,无铅压电陶瓷,压电性能,介电性能
ICP算法配准精度	基于间接平差的ICP点云配准算法研究点云配准,间接平差,迭代最近点算法,距离阈值	基于Kinect的点云配准方法Kinect,点云配准,法向量夹角,点云滤波,ICP算法
飞轮储能高速电机	飞轮储能系统中高速电机转子的分析设计强度分析,涡流损耗,转子设计,正交分析	基于改进型数字锁相环驱动的电机飞轮储能系统数字锁相环,驱动,电机飞轮,高速储能
(作者单位:黑河) 关键词:小学	小学低年级学生发现和提出问题能力的培养小学低年级;发现问题;解决问题;能力培养	浅谈多媒体在小学英语教学中的应用多媒体;小学英语;兴趣
员工 工作幸福感 离职倾向	90后煤矿员工的相对剥夺感与离职倾向:工作幸福感的中介作用90后,煤矿员工,相对剥夺感,工作幸福感,离职倾向	组织变革意义认知对员工的影响:工作投入和工作倦怠的双中介机制组织变革意义认知,工作投入,工作倦怠,员工幸福感,离职倾向
作者单位:七星关区小学	略谈小学数学知识引导的重要性小学数学,教学引导,能力提升	小学语文古诗词教学的实践与思考小学语文,古诗词,教学方法
传染病 斑图	两类具有空间扩散的SIR传染病模型的斑图形成斑图形成,SIR传染病模型,图灵不稳定,空间扩散	基于Turing理论对空间传染病的研究非线性发生率,传染病模型,空间斑图
盐酸奥普力农	盐酸奥普力农治疗充血性心力衰竭的随机对照观察磷酸二酯酶III抑制剂,心力衰竭,奥普力农,米力农	"急性心力衰竭应用盐酸奥普力农联合重组人脑利钠肽治疗的效果及对cTnT、CK-MB、CT-1水平的影响急性心力衰竭;盐酸奥普力农;重组人脑利钠肽;血流动力学指标
"
骶髂关节脱位	经皮空心钉固定骶髂关节脱位合并耻骨支骨折骨盆骨折,骶髂关节脱位,耻骨骨折,经皮内固定,开放内固定	钉棒系统在骶髂关节脱位手术内固定治疗骨盆骨折的疗效及对骨折移位和术后功能恢复的影响钉棒系统,骶髂关节脱位,内固定,骨盆骨折,骨折复位
DRG运营效率	通过DRG探析男科学发展路径DRG;病例组合指数;男科学;专科化;医疗服务能力;医疗服务效率	全国按疾病诊断相关分组收付费在医院的应用探讨全国按疾病诊断相关分组收付费规范,医疗服务,支付制度,医院管理
边缘计算 任务分配	面向优先级任务的移动边缘计算资源分配方法移动边缘计算,优先级任务,加权分配,资源分配,服务质量	物联网中多设备多服务器的移动边缘计算任务卸载技术综述物联网,移动边缘计算,任务卸载,资源分配,卸载决策
物联网工程应用	以学科竞赛为导向的物联网工程应用基础实训课程改革学科竞赛,物联网基础应用,实训,课程改革	以学科竞赛为导向的物联网工程应用基础实训课程改革学科竞赛,物联网基础应用,实训,课程改革
我国人力资源现状	我国事业单位人力资源管理现状的分析事业单位,人力资源管理,改革方向	2013-2017年我国护理人力资源配置现状及公平性研究护理人力资源,公平性,基尼系数,泰尔指数
肝硬化发病率	肝硬化消化道出血的护理进展肝硬化;消化道出血;护理	利福昔明预防自发性细菌性腹膜炎有效性和安全性的Meta分析肝硬化,腹膜炎,利福昔明,诺氟沙星,Meta分析(主题)
建筑保温装饰功能一体化	保温结构一体化施工模板若干问题的研究保温结构一体化模板,施工工艺,板材结构	保温结构一体化施工模板若干问题的研究保温结构一体化模板,施工工艺,板材结构
宋代农村经济	历史时期地权分配研究的理论、工具与方法——以《中国传统农村的地权分配》为中心赵冈,地权分配,基尼系数,理论	宋人视域中的唐五代食肉风尚——基于笔记为核心的考察宋代笔记,唐五代,食肉风尚,猪肉,家禽养殖
辣椒营养价值	辣椒营养保健功能及辣椒食品的研究进展辣椒,营养成分,保健功能,辣椒食品	牛胴体部位肉营养成分和理化指标差异性分析科尔沁牛,胴体部位肉,营养成分,嫩度,肉质
含氯消毒液有效氯含量	透析机专用次氯酸钠消毒液稳定性和安全性的研究透析机,次氯酸钠消毒液,稳定性,安全性	混合膦酸盐对84消毒液稳定性的研究次氯酸钠溶液,混合膦酸盐,稳定性
小学高年级数学	小学高年级数学教学对策研究小学数学;高年级;教学对策	"""数形结合""在小学高年级数学教学中的应用""数形结合"";小学高年级数学;应用策略"
思想政治建设	基于目标管理的高校班团组织建设实践与研究——以沈阳工业大学软件学院为例高校,班团组织,辅导员,目标管理	立德树人视域下高校思想政治教育研究立德树人,高校思想政治教育,教育实践
经颅多普勒 发泡实验	卵圆孔未闭所致急性缺血性脑血管病影像学特征的早期临床诊断价值急性缺血性脑血管病,卵圆孔未闭,经食道超声心动图,磁共振成像	分析TCD发泡试验对青年隐源性卒中病因诊断的临床应用价值青年隐源性卒中,经颅多普勒超声发泡实验,经胸心脏超声心动图,卵圆孔未闭
日本海外投资	试析日本海外投资的几个特点海外直接投资,海外投资,东南亚地区,国际经济合作,日本经济,对外投资,试析,投资额度,美元,投资国	日本企业海外投资活动中的控制权与控股权日本企业,海外投资,国际合资,控制权,控股权
井冈山精神研究综述	近十年来井冈山精神研究综述井冈山精神,研究,综述	罗坊会议研究综述红一方面军,罗坊会议,研究综述
表现性评价	翻转课堂教学质量评价体系的构建翻转课堂,教学质量,评价体系	生成性教学的基本理念及其实践诉求生成性教学,生成性思维,教学理念,实践诉求
集装箱影响因素	内陆集装箱运输网络优化影响因素分析集装箱运输网络,网络优化,影响因素	基于安全影响因素的铁路集装箱物流中心选址的评价方法铁路,集装箱物流中心,选址,模糊综合评价,安全影响因素
膀胱颈硬化症的诊断和治疗	女性膀胱颈硬化症40例临床诊治体会女性膀胱颈硬化症,膀胱镜,经尿道膀胱颈部电切术	"女性膀胱颈硬化症32例临床诊治体会女性膀胱颈硬化症,膀胱镜,经尿道膀胱颈部电切术
"
关键词:半月板损伤 PRP	肌骨超声引导下PRP技术应用于半月板损伤术后康复效果评价膝关节半月板损伤,关节镜手术,肌骨超声联合PRP技术,康复效果评价	血小板产物对半月板损伤修复的研究进展半月板损伤修复,富血小板血浆,富血小板纤维蛋白,血小板衍生生长因子,综述
营养免疫学综述	运动免疫学与营养学研究进展运动医学,运动免疫学,营养学	虾类营养免疫学研究进展虾类,营养免疫学,免疫指标,抗病力
下肢康复训练	一种下肢康复训练机下肢康复,腰部训练,机械结构	下肢康复训练机器人研究现状与发展趋势下肢康复训练机器人;研究现状;发展趋势
OBE培养策略	创新工科大学法律英语人才培养模式的思考——以OBE教育理念为中心的教学策略探索OBE教育理念,应用型教育策略,涉外法律人才培养	基于OBE模式的大学生创新创业能力培养策略探析OBE模式,大学生,创新创业能力
智慧农业	智慧农业的内涵及发展趋势智慧农业;数字农业;发展趋势	大数据在智慧农业中的应用研究智慧农业,大数据,云计算,农业监测系统,可视化农业
纽约中央公园	美国纽约中央公园的营建和管理纽约中央公园,营建,管理	"基于""纽约中央公园""园林景观建设启发对大连星海广场建设的探究公共空间建设,纽约中央公园,广场建设
"
作者:张廷国	论福柯的“主体”概念福柯,知识主体,权力主体,伦理主体	论海德格尔的知觉现象学知觉,存在论,意向性,时间性
ACARS 安全	民用飞机ACARS数据链应用民用飞机,ACARS数据链,应用	民用航空SB-S卫星通信系统安装与功能测试卫星通信;民用航空;SwiftBroadband;通信安全服务;SB-S
现代学徒制培养学生综合能力	现代学徒制改革对高职思想政治理论课教师的挑战及对策现代学徒制,高职,思政课教师,挑战,策略	现代学徒制在高职国际邮轮乘务管理专业人才培养中的实践现代学徒制,高职院校,国际邮轮乘务管理,产教融合
以太网时钟同步	时间触发以太网时钟同步的容错方法分析时钟同步,时间触发以太网,容错,协议分析,仿真	时间触发以太网时钟同步的容错方法分析时钟同步,时间触发以太网,容错,协议分析,仿真
草坪高低温	低温胁迫对4种卫矛属植物抗寒生理指标的影响低温胁迫,卫矛属植物,抗寒指标,隶属函数法	硼钼对低温下草坪草海滨雀稗活性氧代谢的影响海滨雀稗,抗寒力,活性氧,硼,钼
湖北日报传媒集团 转型	论全媒体时代传统媒体转型策略传媒集团,营利模式,发展策略	财经媒体人转型做创投的基本素质浅析财经;创投;素质;合规;透明;价值
麻醉 甲状 毒症	颈浅丛神经阻滞复合瑞芬太尼静脉泵注在尿毒症患者行甲状旁腺手术中的应用颈浅丛神经阻滞,瑞芬太尼,尿毒症,继发性甲状旁腺功能亢进,甲状旁腺全切加自体前臂移植术	颈浅丛神经阻滞复合瑞芬太尼静脉泵注在尿毒症患者行甲状旁腺手术中的应用颈浅丛神经阻滞,瑞芬太尼,尿毒症,继发性甲状旁腺功能亢进,甲状旁腺全切加自体前臂移植术
题名:幼儿园传统节日	论传统节日文化在幼儿园活动中的有效渗透传统节日文化;幼儿园活动;有效渗透	在主动性学习背景下浅谈传统节日文化在幼儿园课程中的实施主动性学习,幼儿园,节日文化,课程实施
单尖充填法	iRoot SP单尖法充填技术对根管治疗临床效果影响的回顾性研究根管充填,治疗结果,单尖充填法,iRoot SP	不同根管充填方法的根尖微渗漏比较研究根管充填,根管封闭剂,微渗漏,扫描电镜
嵊州市人民医院 吕立言	颜德馨教授治疗痰饮病经验探析痰饮病,治疗,经验探析,颜德馨	颜德馨教授治疗胃脘痛经验简介胃脘痛,经验,颜德馨
乙酸乙酯的制备方法改进	乙酸丁酯制备实验方法的改进乙酸丁酯,合成,催化剂,硫酸镍,产率	乙酸丁酯制备实验的改进乙酸丁酯,酯化反应,催化剂,反应装置
作者:崔福生	脑反射治疗对进展性腔隙性脑梗死患者神经功能康复的疗效腔隙性脑梗死,神经功能,治疗结果	塞来昔布对颅脑创伤后Fas表达及认知功能的影响塞来昔布,创伤性脑损伤,Fas,半胱氨酸天冬氨酸蛋白酶-8,认知功能
公共管理  从管理到治理	网络治理:公共管理的新框架政策网络,网络治理,市场,科层	邻避型群体性事件及其治理邻避情结,邻避型群体性事件,治理战略
中等收入群体现状	关于中等收入群体现状的研究中等收入者比重,缩小收入差距,共同富裕	中等收入群体视角下两极分化测度研究收入分布,两极分化,中等收入群体,CHNS数据
汽车材料特殊钢	先进高强度汽车用钢研究进展及展望汽车用钢,高强化,轻量化,中锰钢,Q&P钢,热成形钢	汽车用TWIP1000钢的组织和性能TWIP钢,双相钢,力学性能,极限拉深比,胀形性能
作者:董树强	原位肝脏移植术后远期胆道并发症的处理肝移植,手术后并发症,胆道外科手术	昆明地区幽门螺杆菌耐药分析幽门螺杆菌,兰索拉唑,抗生素,耐药
老年人跌倒现状	社区老年人日常生活能力现状及影响因素社区老年人,日常生活能力	养老机构老年人跌倒发生流行特征与危险因素分析跌倒,发生率,危险因素,养老机构
日本人口政策对经济影响	我国人口政策对经济发展的长远影响作用人口政策,经济发展,长远影响	中日人口世代更替对宏观经济趋势性特征的影响及其启示婴儿潮,中国,日本,人口世代,社会负担,宏观经济
激光自混合干涉的位移	基于VCSEL结电压的自混合干涉位移测量测量,自混合干涉,垂直腔面发射激光器,结电压,传感技术	电流调制激光自混合光栅干涉位移测量研究激光自混合干涉,光栅干涉仪,位移测量,正弦电流调制,利特罗结构
温州科技职业学院	乙基多杀菌素40％水分散粒剂防治西瓜蚜虫田间药效试验乙基多杀菌素40,水分散粒剂,西瓜蚜虫,田间试验,药效	高职园林技术专业工程方向校企深度合作模式探索与实践——以温州科技职业学院为例温州科技职业学院,高职园林技术专业,园林工程,校企深度合作,实践
15N示踪技术	应用15N示踪技术测定作物氮素的利用率及分配研究进展15N示踪技术,氮肥,氮素利用率,氮素分配	基于15N示踪技术的烤烟水氮耦合方案熵权系数评价水氮耦合,熵权系数,示踪技术,烤烟
腰腿痛的针灸	针灸治疗慢性腰腿痛106例临床观察慢性腰腿痛,针灸,太溪穴	"独活寄生汤联合温针灸治疗腰椎间盘突出症寒湿型的临床疗效温针灸,独活寄生汤,腰椎间盘突出症寒湿型,总有效率,复发率
"
河南农产品出口存在的问题研究	河南省农产品产业内贸易的问题与对策研究河南省,农产品,产业内贸易	河南省农产品出口贸易结构研究河南省,农产品,出口,贸易结构
核心素养引领下高中语文教学方式的转变	核心素养引领下高中语文教与学方式的转变探讨高中语文,核心素养,教与学	核心素养引领下高中语文教与学方式的转变核心素养,高中语文,教与学,方式转变
台湾民进党	话语权视角下民进党与台湾青年互动关系评析话语权;民进党;台湾青年;互动关系	"台湾岛内""外省人""加入民进党的政治心理研究——族群政治的分析视角外省人,民进党,政治心理,族群政治"
汉书礼乐志	《汉书·礼乐志》的著书内容与音乐史观《史记·乐书》,《汉书·礼乐志》,音乐史观	汉末礼乐之变与赵壹《刺世疾邪诗》探微东汉末年,礼乐衰微,赵壹,《刺世疾邪诗》
作者单位:淳安县 小学音乐	新课程下初中音乐课堂流行音乐的引入新课程,音乐课,流行音乐,初中教学	新课程下初中音乐课堂流行音乐的引入新课程,音乐课,流行音乐,初中教学
滨水社区	浅析滨水住宅的发展趋势--以大坦沙岛滨水住宅社区为例发展,滨水住宅区,滨水城市形态,视线通廊,配套完善	城市社区级滨水公园设计思路探讨城市滨水公园,社区公园,景观设计
CT 脑挫裂伤  诊断	MRI与CT在超急性期脑挫裂伤中的应用对比研究MRI,CT,脑挫裂伤	颅骨生长骨折的CT诊断颅骨生长骨折,X线平片,CT
仓库选址	用遗传算法解决物流中的仓库选址问题遗传算法,仓库选址,物流	油料仓库选址优化研究油料,仓库选址,最大最小化,优化模型
(三大原则) 关键词:罗马法	浅析罗马契约自由思想形成的几点特色契约自由思想,契约自由原则,法	"契约自由论契约自由原则,契约正义,当事人,罗马法,契约法,劳动契约,诚实信用原则,契约形式,《经济合同法》,解约权
"
以人为本社会工作	以人为本:社会工作的社会建构转向社会建构论,社会工作,以人为本	社会工作理论对高校思想政治教育创新的支撑社会工作理论,思想政治教育,助人自助
文献计量分析	Web of Science数据库近5年股骨头坏死文献计量学及可视化分析骨,股骨头,干细胞,激素,成骨,分化,文献计量学,可视化分析	1995～2004年文献计量学研究的共词分析共词分析,文献计量学,聚类分析,类团关系图,战略坐标图
社区 社会主义核心价值观	推进社区精神文明建设的策略研究社区;精神文明建设;策略	青少年践行社会主义核心价值观的社区活动探索青少年,社会主义核心价值观,社区活动
浮游动物	北京市河流秋季浮游动物群落特征分析北京,河流,浮游动物,群落结构,水质	流沙湾浮游动物群落特征及与鱼贝养殖的关系流沙湾,浮游动物,养殖活动,种类组成
问答系统综述	自动问答系统研究综述自动问答系统,问题处理,信息检索,答案抽取	问答系统综述自动问答,系统发展现状,分类,基本原理
作者单位:长春科技学院医药学院	复方紫草油外用研究进展复方紫草油,炎症,紫草	基于EKR/AKT信号通路探讨湿热中阻方改善脾胃湿热小鼠症状的分子机制脾胃湿热,小鼠,ERK/AKT,信号通路
